{
"type": "FeatureCollection",
"name": "Tramo 3",
"crs": { "type": "name", "properties": { "name": "urn:ogc:def:crs:OGC:1.3:CRS84" } },
"features": [
{"type":"Feature","properties":{"seg_gpx_rel":26,"tiempo_gpx_rel":"00:00:26","desfase_s":-1,"seg_video":25,"tiempo_video":"00:00:25","punto_gpx":27,"latitud":-32.996518333333299,"longitud":-68.659463333333306,"elevacion":683.8,"hora_gpx":"2026-07-13T19:47:47Z","imagen":"frames/frame_000025.jpg"},"geometry":{"type":"Point","coordinates":[-68.659463333333306,-32.996518333333299]}},
{"type":"Feature","properties":{"seg_gpx_rel":27,"tiempo_gpx_rel":"00:00:27","desfase_s":-1,"seg_video":26,"tiempo_video":"00:00:26","punto_gpx":28,"latitud":-32.996571666666703,"longitud":-68.65941,"elevacion":683.6,"hora_gpx":"2026-07-13T19:47:48Z","imagen":"frames/frame_000026.jpg"},"geometry":{"type":"Point","coordinates":[-68.65941,-32.996571666666703]}},
{"type":"Feature","properties":{"seg_gpx_rel":28,"tiempo_gpx_rel":"00:00:28","desfase_s":-1,"seg_video":27,"tiempo_video":"00:00:27","punto_gpx":29,"latitud":-32.99662,"longitud":-68.659356666666696,"elevacion":683.4,"hora_gpx":"2026-07-13T19:47:49Z","imagen":"frames/frame_000027.jpg"},"geometry":{"type":"Point","coordinates":[-68.659356666666696,-32.99662]}},
{"type":"Feature","properties":{"seg_gpx_rel":29,"tiempo_gpx_rel":"00:00:29","desfase_s":-1,"seg_video":28,"tiempo_video":"00:00:28","punto_gpx":30,"latitud":-32.996666666666698,"longitud":-68.659305,"elevacion":683.8,"hora_gpx":"2026-07-13T19:47:50Z","imagen":"frames/frame_000028.jpg"},"geometry":{"type":"Point","coordinates":[-68.659305,-32.996666666666698]}},
{"type":"Feature","properties":{"seg_gpx_rel":30,"tiempo_gpx_rel":"00:00:30","desfase_s":-1,"seg_video":29,"tiempo_video":"00:00:29","punto_gpx":31,"latitud":-32.99671,"longitud":-68.659253333333297,"elevacion":683.9,"hora_gpx":"2026-07-13T19:47:51Z","imagen":"frames/frame_000029.jpg"},"geometry":{"type":"Point","coordinates":[-68.659253333333297,-32.99671]}},
{"type":"Feature","properties":{"seg_gpx_rel":31,"tiempo_gpx_rel":"00:00:31","desfase_s":-1,"seg_video":30,"tiempo_video":"00:00:30","punto_gpx":32,"latitud":-32.996755,"longitud":-68.659201666666704,"elevacion":683.6,"hora_gpx":"2026-07-13T19:47:52Z","imagen":"frames/frame_000030.jpg"},"geometry":{"type":"Point","coordinates":[-68.659201666666704,-32.996755]}},
{"type":"Feature","properties":{"seg_gpx_rel":32,"tiempo_gpx_rel":"00:00:32","desfase_s":-1,"seg_video":31,"tiempo_video":"00:00:31","punto_gpx":33,"latitud":-32.996803333333297,"longitud":-68.659148333333306,"elevacion":683.8,"hora_gpx":"2026-07-13T19:47:53Z","imagen":"frames/frame_000031.jpg"},"geometry":{"type":"Point","coordinates":[-68.659148333333306,-32.996803333333297]}},
{"type":"Feature","properties":{"seg_gpx_rel":33,"tiempo_gpx_rel":"00:00:33","desfase_s":-1,"seg_video":32,"tiempo_video":"00:00:32","punto_gpx":34,"latitud":-32.99685,"longitud":-68.659091666666697,"elevacion":683.9,"hora_gpx":"2026-07-13T19:47:54Z","imagen":"frames/frame_000032.jpg"},"geometry":{"type":"Point","coordinates":[-68.659091666666697,-32.99685]}},
{"type":"Feature","properties":{"seg_gpx_rel":34,"tiempo_gpx_rel":"00:00:34","desfase_s":-1,"seg_video":33,"tiempo_video":"00:00:33","punto_gpx":35,"latitud":-32.9968966666667,"longitud":-68.659038333333299,"elevacion":683.9,"hora_gpx":"2026-07-13T19:47:55Z","imagen":"frames/frame_000033.jpg"},"geometry":{"type":"Point","coordinates":[-68.659038333333299,-32.9968966666667]}},
{"type":"Feature","properties":{"seg_gpx_rel":35,"tiempo_gpx_rel":"00:00:35","desfase_s":-1,"seg_video":34,"tiempo_video":"00:00:34","punto_gpx":36,"latitud":-32.996943333333299,"longitud":-68.658983333333296,"elevacion":683.9,"hora_gpx":"2026-07-13T19:47:56Z","imagen":"frames/frame_000034.jpg"},"geometry":{"type":"Point","coordinates":[-68.658983333333296,-32.996943333333299]}},
{"type":"Feature","properties":{"seg_gpx_rel":36,"tiempo_gpx_rel":"00:00:36","desfase_s":-1,"seg_video":35,"tiempo_video":"00:00:35","punto_gpx":37,"latitud":-32.996991666666702,"longitud":-68.658928333333293,"elevacion":683.6,"hora_gpx":"2026-07-13T19:47:57Z","imagen":"frames/frame_000035.jpg"},"geometry":{"type":"Point","coordinates":[-68.658928333333293,-32.996991666666702]}},
{"type":"Feature","properties":{"seg_gpx_rel":37,"tiempo_gpx_rel":"00:00:37","desfase_s":-1,"seg_video":36,"tiempo_video":"00:00:36","punto_gpx":38,"latitud":-32.9970383333333,"longitud":-68.658871666666698,"elevacion":683.5,"hora_gpx":"2026-07-13T19:47:58Z","imagen":"frames/frame_000036.jpg"},"geometry":{"type":"Point","coordinates":[-68.658871666666698,-32.9970383333333]}},
{"type":"Feature","properties":{"seg_gpx_rel":38,"tiempo_gpx_rel":"00:00:38","desfase_s":-1,"seg_video":37,"tiempo_video":"00:00:37","punto_gpx":39,"latitud":-32.997086666666704,"longitud":-68.658816666666695,"elevacion":683.5,"hora_gpx":"2026-07-13T19:47:59Z","imagen":"frames/frame_000037.jpg"},"geometry":{"type":"Point","coordinates":[-68.658816666666695,-32.997086666666704]}},
{"type":"Feature","properties":{"seg_gpx_rel":39,"tiempo_gpx_rel":"00:00:39","desfase_s":-1,"seg_video":38,"tiempo_video":"00:00:38","punto_gpx":40,"latitud":-32.997135,"longitud":-68.65876,"elevacion":683.2,"hora_gpx":"2026-07-13T19:48:00Z","imagen":"frames/frame_000038.jpg"},"geometry":{"type":"Point","coordinates":[-68.65876,-32.997135]}},
{"type":"Feature","properties":{"seg_gpx_rel":40,"tiempo_gpx_rel":"00:00:40","desfase_s":-1,"seg_video":39,"tiempo_video":"00:00:39","punto_gpx":41,"latitud":-32.997185,"longitud":-68.658703333333307,"elevacion":682.9,"hora_gpx":"2026-07-13T19:48:01Z","imagen":"frames/frame_000039.jpg"},"geometry":{"type":"Point","coordinates":[-68.658703333333307,-32.997185]}},
{"type":"Feature","properties":{"seg_gpx_rel":41,"tiempo_gpx_rel":"00:00:41","desfase_s":-1,"seg_video":40,"tiempo_video":"00:00:40","punto_gpx":42,"latitud":-32.9972316666667,"longitud":-68.658646666666698,"elevacion":682.8,"hora_gpx":"2026-07-13T19:48:02Z","imagen":"frames/frame_000040.jpg"},"geometry":{"type":"Point","coordinates":[-68.658646666666698,-32.9972316666667]}},
{"type":"Feature","properties":{"seg_gpx_rel":42,"tiempo_gpx_rel":"00:00:42","desfase_s":-1,"seg_video":41,"tiempo_video":"00:00:41","punto_gpx":43,"latitud":-32.997278333333298,"longitud":-68.658588333333299,"elevacion":682.8,"hora_gpx":"2026-07-13T19:48:03Z","imagen":"frames/frame_000041.jpg"},"geometry":{"type":"Point","coordinates":[-68.658588333333299,-32.997278333333298]}},
{"type":"Feature","properties":{"seg_gpx_rel":43,"tiempo_gpx_rel":"00:00:43","desfase_s":-1,"seg_video":42,"tiempo_video":"00:00:42","punto_gpx":44,"latitud":-32.997325,"longitud":-68.658531666666704,"elevacion":682.6,"hora_gpx":"2026-07-13T19:48:04Z","imagen":"frames/frame_000042.jpg"},"geometry":{"type":"Point","coordinates":[-68.658531666666704,-32.997325]}},
{"type":"Feature","properties":{"seg_gpx_rel":44,"tiempo_gpx_rel":"00:00:44","desfase_s":-1,"seg_video":43,"tiempo_video":"00:00:43","punto_gpx":45,"latitud":-32.99737,"longitud":-68.658476666666701,"elevacion":682.4,"hora_gpx":"2026-07-13T19:48:05Z","imagen":"frames/frame_000043.jpg"},"geometry":{"type":"Point","coordinates":[-68.658476666666701,-32.99737]}},
{"type":"Feature","properties":{"seg_gpx_rel":45,"tiempo_gpx_rel":"00:00:45","desfase_s":-1,"seg_video":44,"tiempo_video":"00:00:44","punto_gpx":46,"latitud":-32.997413333333299,"longitud":-68.658425,"elevacion":682.3,"hora_gpx":"2026-07-13T19:48:06Z","imagen":"frames/frame_000044.jpg"},"geometry":{"type":"Point","coordinates":[-68.658425,-32.997413333333299]}},
{"type":"Feature","properties":{"seg_gpx_rel":46,"tiempo_gpx_rel":"00:00:46","desfase_s":-1,"seg_video":45,"tiempo_video":"00:00:45","punto_gpx":47,"latitud":-32.997455,"longitud":-68.658375,"elevacion":682.3,"hora_gpx":"2026-07-13T19:48:07Z","imagen":"frames/frame_000045.jpg"},"geometry":{"type":"Point","coordinates":[-68.658375,-32.997455]}},
{"type":"Feature","properties":{"seg_gpx_rel":47,"tiempo_gpx_rel":"00:00:47","desfase_s":-1,"seg_video":46,"tiempo_video":"00:00:46","punto_gpx":48,"latitud":-32.997493333333303,"longitud":-68.658326666666696,"elevacion":682.0,"hora_gpx":"2026-07-13T19:48:08Z","imagen":"frames/frame_000046.jpg"},"geometry":{"type":"Point","coordinates":[-68.658326666666696,-32.997493333333303]}},
{"type":"Feature","properties":{"seg_gpx_rel":48,"tiempo_gpx_rel":"00:00:48","desfase_s":-1,"seg_video":47,"tiempo_video":"00:00:47","punto_gpx":49,"latitud":-32.997531666666703,"longitud":-68.6582783333333,"elevacion":681.9,"hora_gpx":"2026-07-13T19:48:09Z","imagen":"frames/frame_000047.jpg"},"geometry":{"type":"Point","coordinates":[-68.6582783333333,-32.997531666666703]}},
{"type":"Feature","properties":{"seg_gpx_rel":49,"tiempo_gpx_rel":"00:00:49","desfase_s":-1,"seg_video":48,"tiempo_video":"00:00:48","punto_gpx":50,"latitud":-32.99757,"longitud":-68.65823,"elevacion":681.7,"hora_gpx":"2026-07-13T19:48:10Z","imagen":"frames/frame_000048.jpg"},"geometry":{"type":"Point","coordinates":[-68.65823,-32.99757]}},
{"type":"Feature","properties":{"seg_gpx_rel":50,"tiempo_gpx_rel":"00:00:50","desfase_s":-1,"seg_video":49,"tiempo_video":"00:00:49","punto_gpx":51,"latitud":-32.997608333333297,"longitud":-68.658181666666707,"elevacion":681.5,"hora_gpx":"2026-07-13T19:48:11Z","imagen":"frames/frame_000049.jpg"},"geometry":{"type":"Point","coordinates":[-68.658181666666707,-32.997608333333297]}},
{"type":"Feature","properties":{"seg_gpx_rel":51,"tiempo_gpx_rel":"00:00:51","desfase_s":-1,"seg_video":50,"tiempo_video":"00:00:50","punto_gpx":52,"latitud":-32.997646666666697,"longitud":-68.658131666666705,"elevacion":681.3,"hora_gpx":"2026-07-13T19:48:12Z","imagen":"frames/frame_000050.jpg"},"geometry":{"type":"Point","coordinates":[-68.658131666666705,-32.997646666666697]}},
{"type":"Feature","properties":{"seg_gpx_rel":52,"tiempo_gpx_rel":"00:00:52","desfase_s":-1,"seg_video":51,"tiempo_video":"00:00:51","punto_gpx":53,"latitud":-32.997683333333299,"longitud":-68.658083333333295,"elevacion":681.2,"hora_gpx":"2026-07-13T19:48:13Z","imagen":"frames/frame_000051.jpg"},"geometry":{"type":"Point","coordinates":[-68.658083333333295,-32.997683333333299]}},
{"type":"Feature","properties":{"seg_gpx_rel":53,"tiempo_gpx_rel":"00:00:53","desfase_s":-1,"seg_video":52,"tiempo_video":"00:00:52","punto_gpx":54,"latitud":-32.997721666666699,"longitud":-68.658035,"elevacion":681.1,"hora_gpx":"2026-07-13T19:48:14Z","imagen":"frames/frame_000052.jpg"},"geometry":{"type":"Point","coordinates":[-68.658035,-32.997721666666699]}},
{"type":"Feature","properties":{"seg_gpx_rel":54,"tiempo_gpx_rel":"00:00:54","desfase_s":-1,"seg_video":53,"tiempo_video":"00:00:53","punto_gpx":55,"latitud":-32.99776,"longitud":-68.657986666666702,"elevacion":681.2,"hora_gpx":"2026-07-13T19:48:15Z","imagen":"frames/frame_000053.jpg"},"geometry":{"type":"Point","coordinates":[-68.657986666666702,-32.99776]}},
{"type":"Feature","properties":{"seg_gpx_rel":55,"tiempo_gpx_rel":"00:00:55","desfase_s":-1,"seg_video":54,"tiempo_video":"00:00:54","punto_gpx":56,"latitud":-32.997801666666703,"longitud":-68.6579366666667,"elevacion":681.1,"hora_gpx":"2026-07-13T19:48:16Z","imagen":"frames/frame_000054.jpg"},"geometry":{"type":"Point","coordinates":[-68.6579366666667,-32.997801666666703]}},
{"type":"Feature","properties":{"seg_gpx_rel":56,"tiempo_gpx_rel":"00:00:56","desfase_s":-1,"seg_video":55,"tiempo_video":"00:00:55","punto_gpx":57,"latitud":-32.997845,"longitud":-68.657883333333302,"elevacion":680.9,"hora_gpx":"2026-07-13T19:48:17Z","imagen":"frames/frame_000055.jpg"},"geometry":{"type":"Point","coordinates":[-68.657883333333302,-32.997845]}},
{"type":"Feature","properties":{"seg_gpx_rel":57,"tiempo_gpx_rel":"00:00:57","desfase_s":-1,"seg_video":56,"tiempo_video":"00:00:56","punto_gpx":58,"latitud":-32.9978883333333,"longitud":-68.657825,"elevacion":680.7,"hora_gpx":"2026-07-13T19:48:18Z","imagen":"frames/frame_000056.jpg"},"geometry":{"type":"Point","coordinates":[-68.657825,-32.9978883333333]}},
{"type":"Feature","properties":{"seg_gpx_rel":58,"tiempo_gpx_rel":"00:00:58","desfase_s":-1,"seg_video":57,"tiempo_video":"00:00:57","punto_gpx":59,"latitud":-32.997936666666703,"longitud":-68.657761666666701,"elevacion":680.5,"hora_gpx":"2026-07-13T19:48:19Z","imagen":"frames/frame_000057.jpg"},"geometry":{"type":"Point","coordinates":[-68.657761666666701,-32.997936666666703]}},
{"type":"Feature","properties":{"seg_gpx_rel":59,"tiempo_gpx_rel":"00:00:59","desfase_s":-1,"seg_video":58,"tiempo_video":"00:00:58","punto_gpx":60,"latitud":-32.997988333333304,"longitud":-68.657696666666695,"elevacion":680.3,"hora_gpx":"2026-07-13T19:48:20Z","imagen":"frames/frame_000058.jpg"},"geometry":{"type":"Point","coordinates":[-68.657696666666695,-32.997988333333304]}},
{"type":"Feature","properties":{"seg_gpx_rel":60,"tiempo_gpx_rel":"00:01:00","desfase_s":-1,"seg_video":59,"tiempo_video":"00:00:59","punto_gpx":61,"latitud":-32.99804,"longitud":-68.657628333333307,"elevacion":680.3,"hora_gpx":"2026-07-13T19:48:21Z","imagen":"frames/frame_000059.jpg"},"geometry":{"type":"Point","coordinates":[-68.657628333333307,-32.99804]}},
{"type":"Feature","properties":{"seg_gpx_rel":61,"tiempo_gpx_rel":"00:01:01","desfase_s":-1,"seg_video":60,"tiempo_video":"00:01:00","punto_gpx":62,"latitud":-32.998093333333301,"longitud":-68.657558333333299,"elevacion":680.1,"hora_gpx":"2026-07-13T19:48:22Z","imagen":"frames/frame_000060.jpg"},"geometry":{"type":"Point","coordinates":[-68.657558333333299,-32.998093333333301]}},
{"type":"Feature","properties":{"seg_gpx_rel":62,"tiempo_gpx_rel":"00:01:02","desfase_s":-1,"seg_video":61,"tiempo_video":"00:01:01","punto_gpx":63,"latitud":-32.998146666666699,"longitud":-68.65749,"elevacion":680.1,"hora_gpx":"2026-07-13T19:48:23Z","imagen":"frames/frame_000061.jpg"},"geometry":{"type":"Point","coordinates":[-68.65749,-32.998146666666699]}},
{"type":"Feature","properties":{"seg_gpx_rel":63,"tiempo_gpx_rel":"00:01:03","desfase_s":-1,"seg_video":62,"tiempo_video":"00:01:02","punto_gpx":64,"latitud":-32.998196666666701,"longitud":-68.657421666666707,"elevacion":679.9,"hora_gpx":"2026-07-13T19:48:24Z","imagen":"frames/frame_000062.jpg"},"geometry":{"type":"Point","coordinates":[-68.657421666666707,-32.998196666666701]}},
{"type":"Feature","properties":{"seg_gpx_rel":64,"tiempo_gpx_rel":"00:01:04","desfase_s":-1,"seg_video":63,"tiempo_video":"00:01:03","punto_gpx":65,"latitud":-32.998246666666702,"longitud":-68.657353333333305,"elevacion":679.8,"hora_gpx":"2026-07-13T19:48:25Z","imagen":"frames/frame_000063.jpg"},"geometry":{"type":"Point","coordinates":[-68.657353333333305,-32.998246666666702]}},
{"type":"Feature","properties":{"seg_gpx_rel":65,"tiempo_gpx_rel":"00:01:05","desfase_s":-1,"seg_video":64,"tiempo_video":"00:01:04","punto_gpx":66,"latitud":-32.998296666666697,"longitud":-68.657285,"elevacion":679.6,"hora_gpx":"2026-07-13T19:48:26Z","imagen":"frames/frame_000064.jpg"},"geometry":{"type":"Point","coordinates":[-68.657285,-32.998296666666697]}},
{"type":"Feature","properties":{"seg_gpx_rel":66,"tiempo_gpx_rel":"00:01:06","desfase_s":-1,"seg_video":65,"tiempo_video":"00:01:05","punto_gpx":67,"latitud":-32.998346666666698,"longitud":-68.657218333333304,"elevacion":679.4,"hora_gpx":"2026-07-13T19:48:27Z","imagen":"frames/frame_000065.jpg"},"geometry":{"type":"Point","coordinates":[-68.657218333333304,-32.998346666666698]}},
{"type":"Feature","properties":{"seg_gpx_rel":67,"tiempo_gpx_rel":"00:01:07","desfase_s":-1,"seg_video":66,"tiempo_video":"00:01:06","punto_gpx":68,"latitud":-32.998393333333297,"longitud":-68.657155,"elevacion":679.3,"hora_gpx":"2026-07-13T19:48:28Z","imagen":"frames/frame_000066.jpg"},"geometry":{"type":"Point","coordinates":[-68.657155,-32.998393333333297]}},
{"type":"Feature","properties":{"seg_gpx_rel":68,"tiempo_gpx_rel":"00:01:08","desfase_s":-1,"seg_video":67,"tiempo_video":"00:01:07","punto_gpx":69,"latitud":-32.998438333333297,"longitud":-68.657093333333293,"elevacion":679.3,"hora_gpx":"2026-07-13T19:48:29Z","imagen":"frames/frame_000067.jpg"},"geometry":{"type":"Point","coordinates":[-68.657093333333293,-32.998438333333297]}},
{"type":"Feature","properties":{"seg_gpx_rel":69,"tiempo_gpx_rel":"00:01:09","desfase_s":-1,"seg_video":68,"tiempo_video":"00:01:08","punto_gpx":70,"latitud":-32.99848,"longitud":-68.657033333333302,"elevacion":679.4,"hora_gpx":"2026-07-13T19:48:30Z","imagen":"frames/frame_000068.jpg"},"geometry":{"type":"Point","coordinates":[-68.657033333333302,-32.99848]}},
{"type":"Feature","properties":{"seg_gpx_rel":70,"tiempo_gpx_rel":"00:01:10","desfase_s":-1,"seg_video":69,"tiempo_video":"00:01:09","punto_gpx":71,"latitud":-32.998521666666697,"longitud":-68.656973333333298,"elevacion":679.4,"hora_gpx":"2026-07-13T19:48:31Z","imagen":"frames/frame_000069.jpg"},"geometry":{"type":"Point","coordinates":[-68.656973333333298,-32.998521666666697]}},
{"type":"Feature","properties":{"seg_gpx_rel":71,"tiempo_gpx_rel":"00:01:11","desfase_s":-1,"seg_video":70,"tiempo_video":"00:01:10","punto_gpx":72,"latitud":-32.998563333333301,"longitud":-68.656911666666701,"elevacion":679.4,"hora_gpx":"2026-07-13T19:48:32Z","imagen":"frames/frame_000070.jpg"},"geometry":{"type":"Point","coordinates":[-68.656911666666701,-32.998563333333301]}},
{"type":"Feature","properties":{"seg_gpx_rel":72,"tiempo_gpx_rel":"00:01:12","desfase_s":-1,"seg_video":71,"tiempo_video":"00:01:11","punto_gpx":73,"latitud":-32.998605,"longitud":-68.656845,"elevacion":679.5,"hora_gpx":"2026-07-13T19:48:33Z","imagen":"frames/frame_000071.jpg"},"geometry":{"type":"Point","coordinates":[-68.656845,-32.998605]}},
{"type":"Feature","properties":{"seg_gpx_rel":73,"tiempo_gpx_rel":"00:01:13","desfase_s":-1,"seg_video":72,"tiempo_video":"00:01:12","punto_gpx":74,"latitud":-32.998646666666701,"longitud":-68.656778333333307,"elevacion":679.4,"hora_gpx":"2026-07-13T19:48:34Z","imagen":"frames/frame_000072.jpg"},"geometry":{"type":"Point","coordinates":[-68.656778333333307,-32.998646666666701]}},
{"type":"Feature","properties":{"seg_gpx_rel":74,"tiempo_gpx_rel":"00:01:14","desfase_s":-1,"seg_video":73,"tiempo_video":"00:01:13","punto_gpx":75,"latitud":-32.99869,"longitud":-68.65671,"elevacion":679.6,"hora_gpx":"2026-07-13T19:48:35Z","imagen":"frames/frame_000073.jpg"},"geometry":{"type":"Point","coordinates":[-68.65671,-32.99869]}},
{"type":"Feature","properties":{"seg_gpx_rel":75,"tiempo_gpx_rel":"00:01:15","desfase_s":-1,"seg_video":74,"tiempo_video":"00:01:14","punto_gpx":76,"latitud":-32.9987316666667,"longitud":-68.656641666666701,"elevacion":679.5,"hora_gpx":"2026-07-13T19:48:36Z","imagen":"frames/frame_000074.jpg"},"geometry":{"type":"Point","coordinates":[-68.656641666666701,-32.9987316666667]}},
{"type":"Feature","properties":{"seg_gpx_rel":76,"tiempo_gpx_rel":"00:01:16","desfase_s":-1,"seg_video":75,"tiempo_video":"00:01:15","punto_gpx":77,"latitud":-32.9987766666667,"longitud":-68.656571666666693,"elevacion":679.5,"hora_gpx":"2026-07-13T19:48:37Z","imagen":"frames/frame_000075.jpg"},"geometry":{"type":"Point","coordinates":[-68.656571666666693,-32.9987766666667]}},
{"type":"Feature","properties":{"seg_gpx_rel":77,"tiempo_gpx_rel":"00:01:17","desfase_s":-1,"seg_video":76,"tiempo_video":"00:01:16","punto_gpx":78,"latitud":-32.998823333333299,"longitud":-68.656501666666699,"elevacion":679.5,"hora_gpx":"2026-07-13T19:48:38Z","imagen":"frames/frame_000076.jpg"},"geometry":{"type":"Point","coordinates":[-68.656501666666699,-32.998823333333299]}},
{"type":"Feature","properties":{"seg_gpx_rel":78,"tiempo_gpx_rel":"00:01:18","desfase_s":-1,"seg_video":77,"tiempo_video":"00:01:17","punto_gpx":79,"latitud":-32.99887,"longitud":-68.65643,"elevacion":679.4,"hora_gpx":"2026-07-13T19:48:39Z","imagen":"frames/frame_000077.jpg"},"geometry":{"type":"Point","coordinates":[-68.65643,-32.99887]}},
{"type":"Feature","properties":{"seg_gpx_rel":79,"tiempo_gpx_rel":"00:01:19","desfase_s":-1,"seg_video":78,"tiempo_video":"00:01:18","punto_gpx":80,"latitud":-32.998916666666702,"longitud":-68.656355,"elevacion":679.2,"hora_gpx":"2026-07-13T19:48:40Z","imagen":"frames/frame_000078.jpg"},"geometry":{"type":"Point","coordinates":[-68.656355,-32.998916666666702]}},
{"type":"Feature","properties":{"seg_gpx_rel":80,"tiempo_gpx_rel":"00:01:20","desfase_s":-1,"seg_video":79,"tiempo_video":"00:01:19","punto_gpx":81,"latitud":-32.998961666666702,"longitud":-68.656278333333304,"elevacion":679.1,"hora_gpx":"2026-07-13T19:48:41Z","imagen":"frames/frame_000079.jpg"},"geometry":{"type":"Point","coordinates":[-68.656278333333304,-32.998961666666702]}},
{"type":"Feature","properties":{"seg_gpx_rel":81,"tiempo_gpx_rel":"00:01:21","desfase_s":-1,"seg_video":80,"tiempo_video":"00:01:20","punto_gpx":82,"latitud":-32.99901,"longitud":-68.656201666666703,"elevacion":679.1,"hora_gpx":"2026-07-13T19:48:42Z","imagen":"frames/frame_000080.jpg"},"geometry":{"type":"Point","coordinates":[-68.656201666666703,-32.99901]}},
{"type":"Feature","properties":{"seg_gpx_rel":82,"tiempo_gpx_rel":"00:01:22","desfase_s":-1,"seg_video":81,"tiempo_video":"00:01:21","punto_gpx":83,"latitud":-32.999058333333302,"longitud":-68.656125,"elevacion":678.9,"hora_gpx":"2026-07-13T19:48:43Z","imagen":"frames/frame_000081.jpg"},"geometry":{"type":"Point","coordinates":[-68.656125,-32.999058333333302]}},
{"type":"Feature","properties":{"seg_gpx_rel":83,"tiempo_gpx_rel":"00:01:23","desfase_s":-1,"seg_video":82,"tiempo_video":"00:01:22","punto_gpx":84,"latitud":-32.999105,"longitud":-68.656045,"elevacion":678.9,"hora_gpx":"2026-07-13T19:48:44Z","imagen":"frames/frame_000082.jpg"},"geometry":{"type":"Point","coordinates":[-68.656045,-32.999105]}},
{"type":"Feature","properties":{"seg_gpx_rel":84,"tiempo_gpx_rel":"00:01:24","desfase_s":-1,"seg_video":83,"tiempo_video":"00:01:23","punto_gpx":85,"latitud":-32.999155,"longitud":-68.655961666666698,"elevacion":679.2,"hora_gpx":"2026-07-13T19:48:45Z","imagen":"frames/frame_000083.jpg"},"geometry":{"type":"Point","coordinates":[-68.655961666666698,-32.999155]}},
{"type":"Feature","properties":{"seg_gpx_rel":85,"tiempo_gpx_rel":"00:01:25","desfase_s":-1,"seg_video":84,"tiempo_video":"00:01:24","punto_gpx":86,"latitud":-32.999205,"longitud":-68.655878333333305,"elevacion":679.4,"hora_gpx":"2026-07-13T19:48:46Z","imagen":"frames/frame_000084.jpg"},"geometry":{"type":"Point","coordinates":[-68.655878333333305,-32.999205]}},
{"type":"Feature","properties":{"seg_gpx_rel":86,"tiempo_gpx_rel":"00:01:26","desfase_s":-1,"seg_video":85,"tiempo_video":"00:01:25","punto_gpx":87,"latitud":-32.999255,"longitud":-68.655795,"elevacion":679.4,"hora_gpx":"2026-07-13T19:48:47Z","imagen":"frames/frame_000085.jpg"},"geometry":{"type":"Point","coordinates":[-68.655795,-32.999255]}},
{"type":"Feature","properties":{"seg_gpx_rel":87,"tiempo_gpx_rel":"00:01:27","desfase_s":-1,"seg_video":86,"tiempo_video":"00:01:26","punto_gpx":88,"latitud":-32.999305,"longitud":-68.65571,"elevacion":679.3,"hora_gpx":"2026-07-13T19:48:48Z","imagen":"frames/frame_000086.jpg"},"geometry":{"type":"Point","coordinates":[-68.65571,-32.999305]}},
{"type":"Feature","properties":{"seg_gpx_rel":88,"tiempo_gpx_rel":"00:01:28","desfase_s":-1,"seg_video":87,"tiempo_video":"00:01:27","punto_gpx":89,"latitud":-32.999355,"longitud":-68.655623333333395,"elevacion":679.3,"hora_gpx":"2026-07-13T19:48:49Z","imagen":"frames/frame_000087.jpg"},"geometry":{"type":"Point","coordinates":[-68.655623333333395,-32.999355]}},
{"type":"Feature","properties":{"seg_gpx_rel":89,"tiempo_gpx_rel":"00:01:29","desfase_s":-1,"seg_video":88,"tiempo_video":"00:01:28","punto_gpx":90,"latitud":-32.999403333333298,"longitud":-68.655538333333297,"elevacion":679.3,"hora_gpx":"2026-07-13T19:48:50Z","imagen":"frames/frame_000088.jpg"},"geometry":{"type":"Point","coordinates":[-68.655538333333297,-32.999403333333298]}},
{"type":"Feature","properties":{"seg_gpx_rel":90,"tiempo_gpx_rel":"00:01:30","desfase_s":-1,"seg_video":89,"tiempo_video":"00:01:29","punto_gpx":91,"latitud":-32.999451666666701,"longitud":-68.655455,"elevacion":679.3,"hora_gpx":"2026-07-13T19:48:51Z","imagen":"frames/frame_000089.jpg"},"geometry":{"type":"Point","coordinates":[-68.655455,-32.999451666666701]}},
{"type":"Feature","properties":{"seg_gpx_rel":91,"tiempo_gpx_rel":"00:01:31","desfase_s":-1,"seg_video":90,"tiempo_video":"00:01:30","punto_gpx":92,"latitud":-32.9994983333333,"longitud":-68.655371666666696,"elevacion":679.3,"hora_gpx":"2026-07-13T19:48:52Z","imagen":"frames/frame_000090.jpg"},"geometry":{"type":"Point","coordinates":[-68.655371666666696,-32.9994983333333]}},
{"type":"Feature","properties":{"seg_gpx_rel":92,"tiempo_gpx_rel":"00:01:32","desfase_s":-1,"seg_video":91,"tiempo_video":"00:01:31","punto_gpx":93,"latitud":-32.999545,"longitud":-68.65529,"elevacion":679.2,"hora_gpx":"2026-07-13T19:48:53Z","imagen":"frames/frame_000091.jpg"},"geometry":{"type":"Point","coordinates":[-68.65529,-32.999545]}},
{"type":"Feature","properties":{"seg_gpx_rel":93,"tiempo_gpx_rel":"00:01:33","desfase_s":-1,"seg_video":92,"tiempo_video":"00:01:32","punto_gpx":94,"latitud":-32.999591666666703,"longitud":-68.6552066666667,"elevacion":679.0,"hora_gpx":"2026-07-13T19:48:54Z","imagen":"frames/frame_000092.jpg"},"geometry":{"type":"Point","coordinates":[-68.6552066666667,-32.999591666666703]}},
{"type":"Feature","properties":{"seg_gpx_rel":94,"tiempo_gpx_rel":"00:01:34","desfase_s":-1,"seg_video":93,"tiempo_video":"00:01:33","punto_gpx":95,"latitud":-32.99964,"longitud":-68.655121666666702,"elevacion":679.0,"hora_gpx":"2026-07-13T19:48:55Z","imagen":"frames/frame_000093.jpg"},"geometry":{"type":"Point","coordinates":[-68.655121666666702,-32.99964]}},
{"type":"Feature","properties":{"seg_gpx_rel":95,"tiempo_gpx_rel":"00:01:35","desfase_s":-1,"seg_video":94,"tiempo_video":"00:01:34","punto_gpx":96,"latitud":-32.999685,"longitud":-68.655038333333295,"elevacion":679.1,"hora_gpx":"2026-07-13T19:48:56Z","imagen":"frames/frame_000094.jpg"},"geometry":{"type":"Point","coordinates":[-68.655038333333295,-32.999685]}},
{"type":"Feature","properties":{"seg_gpx_rel":96,"tiempo_gpx_rel":"00:01:36","desfase_s":-1,"seg_video":95,"tiempo_video":"00:01:35","punto_gpx":97,"latitud":-32.99973,"longitud":-68.654953333333296,"elevacion":679.1,"hora_gpx":"2026-07-13T19:48:57Z","imagen":"frames/frame_000095.jpg"},"geometry":{"type":"Point","coordinates":[-68.654953333333296,-32.99973]}},
{"type":"Feature","properties":{"seg_gpx_rel":97,"tiempo_gpx_rel":"00:01:37","desfase_s":-1,"seg_video":96,"tiempo_video":"00:01:36","punto_gpx":98,"latitud":-32.999775,"longitud":-68.65487,"elevacion":679.2,"hora_gpx":"2026-07-13T19:48:58Z","imagen":"frames/frame_000096.jpg"},"geometry":{"type":"Point","coordinates":[-68.65487,-32.999775]}},
{"type":"Feature","properties":{"seg_gpx_rel":98,"tiempo_gpx_rel":"00:01:38","desfase_s":-1,"seg_video":97,"tiempo_video":"00:01:37","punto_gpx":99,"latitud":-32.999818333333302,"longitud":-68.654791666666696,"elevacion":679.2,"hora_gpx":"2026-07-13T19:48:59Z","imagen":"frames/frame_000097.jpg"},"geometry":{"type":"Point","coordinates":[-68.654791666666696,-32.999818333333302]}},
{"type":"Feature","properties":{"seg_gpx_rel":99,"tiempo_gpx_rel":"00:01:39","desfase_s":-1,"seg_video":98,"tiempo_video":"00:01:38","punto_gpx":100,"latitud":-32.999856666666702,"longitud":-68.65472,"elevacion":679.1,"hora_gpx":"2026-07-13T19:49:00Z","imagen":"frames/frame_000098.jpg"},"geometry":{"type":"Point","coordinates":[-68.65472,-32.999856666666702]}},
{"type":"Feature","properties":{"seg_gpx_rel":100,"tiempo_gpx_rel":"00:01:40","desfase_s":-1,"seg_video":99,"tiempo_video":"00:01:39","punto_gpx":101,"latitud":-32.99989,"longitud":-68.654656666666696,"elevacion":679.3,"hora_gpx":"2026-07-13T19:49:01Z","imagen":"frames/frame_000099.jpg"},"geometry":{"type":"Point","coordinates":[-68.654656666666696,-32.99989]}},
{"type":"Feature","properties":{"seg_gpx_rel":101,"tiempo_gpx_rel":"00:01:41","desfase_s":-1,"seg_video":100,"tiempo_video":"00:01:40","punto_gpx":102,"latitud":-32.999918333333298,"longitud":-68.654601666666693,"elevacion":679.4,"hora_gpx":"2026-07-13T19:49:02Z","imagen":"frames/frame_000100.jpg"},"geometry":{"type":"Point","coordinates":[-68.654601666666693,-32.999918333333298]}},
{"type":"Feature","properties":{"seg_gpx_rel":102,"tiempo_gpx_rel":"00:01:42","desfase_s":-1,"seg_video":101,"tiempo_video":"00:01:41","punto_gpx":103,"latitud":-32.999945,"longitud":-68.654548333333295,"elevacion":679.5,"hora_gpx":"2026-07-13T19:49:03Z","imagen":"frames/frame_000101.jpg"},"geometry":{"type":"Point","coordinates":[-68.654548333333295,-32.999945]}},
{"type":"Feature","properties":{"seg_gpx_rel":103,"tiempo_gpx_rel":"00:01:43","desfase_s":-1,"seg_video":102,"tiempo_video":"00:01:42","punto_gpx":104,"latitud":-32.999971666666703,"longitud":-68.654496666666702,"elevacion":679.5,"hora_gpx":"2026-07-13T19:49:04Z","imagen":"frames/frame_000102.jpg"},"geometry":{"type":"Point","coordinates":[-68.654496666666702,-32.999971666666703]}},
{"type":"Feature","properties":{"seg_gpx_rel":104,"tiempo_gpx_rel":"00:01:44","desfase_s":-1,"seg_video":103,"tiempo_video":"00:01:43","punto_gpx":105,"latitud":-33.000001666666698,"longitud":-68.65444,"elevacion":679.6,"hora_gpx":"2026-07-13T19:49:05Z","imagen":"frames/frame_000103.jpg"},"geometry":{"type":"Point","coordinates":[-68.65444,-33.000001666666698]}},
{"type":"Feature","properties":{"seg_gpx_rel":105,"tiempo_gpx_rel":"00:01:45","desfase_s":-1,"seg_video":104,"tiempo_video":"00:01:44","punto_gpx":106,"latitud":-33.000036666666702,"longitud":-68.654373333333297,"elevacion":679.6,"hora_gpx":"2026-07-13T19:49:06Z","imagen":"frames/frame_000104.jpg"},"geometry":{"type":"Point","coordinates":[-68.654373333333297,-33.000036666666702]}},
{"type":"Feature","properties":{"seg_gpx_rel":106,"tiempo_gpx_rel":"00:01:46","desfase_s":-1,"seg_video":105,"tiempo_video":"00:01:45","punto_gpx":107,"latitud":-33.00007,"longitud":-68.654306666666699,"elevacion":679.6,"hora_gpx":"2026-07-13T19:49:07Z","imagen":"frames/frame_000105.jpg"},"geometry":{"type":"Point","coordinates":[-68.654306666666699,-33.00007]}},
{"type":"Feature","properties":{"seg_gpx_rel":107,"tiempo_gpx_rel":"00:01:47","desfase_s":-1,"seg_video":106,"tiempo_video":"00:01:46","punto_gpx":108,"latitud":-33.000105,"longitud":-68.654236666666705,"elevacion":679.8,"hora_gpx":"2026-07-13T19:49:08Z","imagen":"frames/frame_000106.jpg"},"geometry":{"type":"Point","coordinates":[-68.654236666666705,-33.000105]}},
{"type":"Feature","properties":{"seg_gpx_rel":108,"tiempo_gpx_rel":"00:01:48","desfase_s":-1,"seg_video":107,"tiempo_video":"00:01:47","punto_gpx":109,"latitud":-33.000138333333297,"longitud":-68.654168333333303,"elevacion":679.9,"hora_gpx":"2026-07-13T19:49:09Z","imagen":"frames/frame_000107.jpg"},"geometry":{"type":"Point","coordinates":[-68.654168333333303,-33.000138333333297]}},
{"type":"Feature","properties":{"seg_gpx_rel":109,"tiempo_gpx_rel":"00:01:49","desfase_s":-1,"seg_video":108,"tiempo_video":"00:01:48","punto_gpx":110,"latitud":-33.00017,"longitud":-68.654096666666604,"elevacion":680.0,"hora_gpx":"2026-07-13T19:49:10Z","imagen":"frames/frame_000108.jpg"},"geometry":{"type":"Point","coordinates":[-68.654096666666604,-33.00017]}},
{"type":"Feature","properties":{"seg_gpx_rel":110,"tiempo_gpx_rel":"00:01:50","desfase_s":-1,"seg_video":109,"tiempo_video":"00:01:49","punto_gpx":111,"latitud":-33.000203333333303,"longitud":-68.654026666666695,"elevacion":680.1,"hora_gpx":"2026-07-13T19:49:11Z","imagen":"frames/frame_000109.jpg"},"geometry":{"type":"Point","coordinates":[-68.654026666666695,-33.000203333333303]}},
{"type":"Feature","properties":{"seg_gpx_rel":111,"tiempo_gpx_rel":"00:01:51","desfase_s":-1,"seg_video":110,"tiempo_video":"00:01:50","punto_gpx":112,"latitud":-33.000235,"longitud":-68.653958333333307,"elevacion":680.0,"hora_gpx":"2026-07-13T19:49:12Z","imagen":"frames/frame_000110.jpg"},"geometry":{"type":"Point","coordinates":[-68.653958333333307,-33.000235]}},
{"type":"Feature","properties":{"seg_gpx_rel":112,"tiempo_gpx_rel":"00:01:52","desfase_s":-1,"seg_video":111,"tiempo_video":"00:01:51","punto_gpx":113,"latitud":-33.000266666666697,"longitud":-68.65389,"elevacion":679.9,"hora_gpx":"2026-07-13T19:49:13Z","imagen":"frames/frame_000111.jpg"},"geometry":{"type":"Point","coordinates":[-68.65389,-33.000266666666697]}},
{"type":"Feature","properties":{"seg_gpx_rel":113,"tiempo_gpx_rel":"00:01:53","desfase_s":-1,"seg_video":112,"tiempo_video":"00:01:52","punto_gpx":114,"latitud":-33.0003,"longitud":-68.65382,"elevacion":679.8,"hora_gpx":"2026-07-13T19:49:14Z","imagen":"frames/frame_000112.jpg"},"geometry":{"type":"Point","coordinates":[-68.65382,-33.0003]}},
{"type":"Feature","properties":{"seg_gpx_rel":114,"tiempo_gpx_rel":"00:01:54","desfase_s":-1,"seg_video":113,"tiempo_video":"00:01:53","punto_gpx":115,"latitud":-33.000331666666703,"longitud":-68.65375,"elevacion":679.7,"hora_gpx":"2026-07-13T19:49:15Z","imagen":"frames/frame_000113.jpg"},"geometry":{"type":"Point","coordinates":[-68.65375,-33.000331666666703]}},
{"type":"Feature","properties":{"seg_gpx_rel":115,"tiempo_gpx_rel":"00:01:55","desfase_s":-1,"seg_video":114,"tiempo_video":"00:01:54","punto_gpx":116,"latitud":-33.0003666666667,"longitud":-68.653675,"elevacion":679.7,"hora_gpx":"2026-07-13T19:49:16Z","imagen":"frames/frame_000114.jpg"},"geometry":{"type":"Point","coordinates":[-68.653675,-33.0003666666667]}},
{"type":"Feature","properties":{"seg_gpx_rel":116,"tiempo_gpx_rel":"00:01:56","desfase_s":-1,"seg_video":115,"tiempo_video":"00:01:55","punto_gpx":117,"latitud":-33.0004,"longitud":-68.653598333333306,"elevacion":679.6,"hora_gpx":"2026-07-13T19:49:17Z","imagen":"frames/frame_000115.jpg"},"geometry":{"type":"Point","coordinates":[-68.653598333333306,-33.0004]}},
{"type":"Feature","properties":{"seg_gpx_rel":117,"tiempo_gpx_rel":"00:01:57","desfase_s":-1,"seg_video":116,"tiempo_video":"00:01:56","punto_gpx":118,"latitud":-33.000435,"longitud":-68.653523333333297,"elevacion":679.7,"hora_gpx":"2026-07-13T19:49:18Z","imagen":"frames/frame_000116.jpg"},"geometry":{"type":"Point","coordinates":[-68.653523333333297,-33.000435]}},
{"type":"Feature","properties":{"seg_gpx_rel":118,"tiempo_gpx_rel":"00:01:58","desfase_s":-1,"seg_video":117,"tiempo_video":"00:01:57","punto_gpx":119,"latitud":-33.00047,"longitud":-68.653445,"elevacion":679.8,"hora_gpx":"2026-07-13T19:49:19Z","imagen":"frames/frame_000117.jpg"},"geometry":{"type":"Point","coordinates":[-68.653445,-33.00047]}},
{"type":"Feature","properties":{"seg_gpx_rel":119,"tiempo_gpx_rel":"00:01:59","desfase_s":-1,"seg_video":118,"tiempo_video":"00:01:58","punto_gpx":120,"latitud":-33.000503333333299,"longitud":-68.653366666666699,"elevacion":680.1,"hora_gpx":"2026-07-13T19:49:20Z","imagen":"frames/frame_000118.jpg"},"geometry":{"type":"Point","coordinates":[-68.653366666666699,-33.000503333333299]}},
{"type":"Feature","properties":{"seg_gpx_rel":120,"tiempo_gpx_rel":"00:02:00","desfase_s":-1,"seg_video":119,"tiempo_video":"00:01:59","punto_gpx":121,"latitud":-33.000538333333303,"longitud":-68.653288333333293,"elevacion":680.2,"hora_gpx":"2026-07-13T19:49:21Z","imagen":"frames/frame_000119.jpg"},"geometry":{"type":"Point","coordinates":[-68.653288333333293,-33.000538333333303]}},
{"type":"Feature","properties":{"seg_gpx_rel":121,"tiempo_gpx_rel":"00:02:01","desfase_s":-1,"seg_video":120,"tiempo_video":"00:02:00","punto_gpx":122,"latitud":-33.00057,"longitud":-68.65321,"elevacion":680.2,"hora_gpx":"2026-07-13T19:49:22Z","imagen":"frames/frame_000120.jpg"},"geometry":{"type":"Point","coordinates":[-68.65321,-33.00057]}},
{"type":"Feature","properties":{"seg_gpx_rel":122,"tiempo_gpx_rel":"00:02:02","desfase_s":-1,"seg_video":121,"tiempo_video":"00:02:01","punto_gpx":123,"latitud":-33.000603333333302,"longitud":-68.653131666666695,"elevacion":680.3,"hora_gpx":"2026-07-13T19:49:23Z","imagen":"frames/frame_000121.jpg"},"geometry":{"type":"Point","coordinates":[-68.653131666666695,-33.000603333333302]}},
{"type":"Feature","properties":{"seg_gpx_rel":123,"tiempo_gpx_rel":"00:02:03","desfase_s":-1,"seg_video":122,"tiempo_video":"00:02:02","punto_gpx":124,"latitud":-33.000636666666701,"longitud":-68.653051666666698,"elevacion":680.5,"hora_gpx":"2026-07-13T19:49:24Z","imagen":"frames/frame_000122.jpg"},"geometry":{"type":"Point","coordinates":[-68.653051666666698,-33.000636666666701]}},
{"type":"Feature","properties":{"seg_gpx_rel":124,"tiempo_gpx_rel":"00:02:04","desfase_s":-1,"seg_video":123,"tiempo_video":"00:02:03","punto_gpx":125,"latitud":-33.00067,"longitud":-68.652973333333307,"elevacion":680.6,"hora_gpx":"2026-07-13T19:49:25Z","imagen":"frames/frame_000123.jpg"},"geometry":{"type":"Point","coordinates":[-68.652973333333307,-33.00067]}},
{"type":"Feature","properties":{"seg_gpx_rel":125,"tiempo_gpx_rel":"00:02:05","desfase_s":-1,"seg_video":124,"tiempo_video":"00:02:04","punto_gpx":126,"latitud":-33.000705,"longitud":-68.652893333333296,"elevacion":680.7,"hora_gpx":"2026-07-13T19:49:26Z","imagen":"frames/frame_000124.jpg"},"geometry":{"type":"Point","coordinates":[-68.652893333333296,-33.000705]}},
{"type":"Feature","properties":{"seg_gpx_rel":126,"tiempo_gpx_rel":"00:02:06","desfase_s":-1,"seg_video":125,"tiempo_video":"00:02:05","punto_gpx":127,"latitud":-33.00074,"longitud":-68.652811666666693,"elevacion":680.7,"hora_gpx":"2026-07-13T19:49:27Z","imagen":"frames/frame_000125.jpg"},"geometry":{"type":"Point","coordinates":[-68.652811666666693,-33.00074]}},
{"type":"Feature","properties":{"seg_gpx_rel":127,"tiempo_gpx_rel":"00:02:07","desfase_s":-1,"seg_video":126,"tiempo_video":"00:02:06","punto_gpx":128,"latitud":-33.000775,"longitud":-68.65273,"elevacion":680.8,"hora_gpx":"2026-07-13T19:49:28Z","imagen":"frames/frame_000126.jpg"},"geometry":{"type":"Point","coordinates":[-68.65273,-33.000775]}},
{"type":"Feature","properties":{"seg_gpx_rel":128,"tiempo_gpx_rel":"00:02:08","desfase_s":-1,"seg_video":127,"tiempo_video":"00:02:07","punto_gpx":129,"latitud":-33.00081,"longitud":-68.652645,"elevacion":681.0,"hora_gpx":"2026-07-13T19:49:29Z","imagen":"frames/frame_000127.jpg"},"geometry":{"type":"Point","coordinates":[-68.652645,-33.00081]}},
{"type":"Feature","properties":{"seg_gpx_rel":129,"tiempo_gpx_rel":"00:02:09","desfase_s":-1,"seg_video":128,"tiempo_video":"00:02:08","punto_gpx":130,"latitud":-33.000845,"longitud":-68.65256,"elevacion":681.2,"hora_gpx":"2026-07-13T19:49:30Z","imagen":"frames/frame_000128.jpg"},"geometry":{"type":"Point","coordinates":[-68.65256,-33.000845]}},
{"type":"Feature","properties":{"seg_gpx_rel":130,"tiempo_gpx_rel":"00:02:10","desfase_s":-1,"seg_video":129,"tiempo_video":"00:02:09","punto_gpx":131,"latitud":-33.000878333333297,"longitud":-68.652473333333305,"elevacion":681.5,"hora_gpx":"2026-07-13T19:49:31Z","imagen":"frames/frame_000129.jpg"},"geometry":{"type":"Point","coordinates":[-68.652473333333305,-33.000878333333297]}},
{"type":"Feature","properties":{"seg_gpx_rel":131,"tiempo_gpx_rel":"00:02:11","desfase_s":-1,"seg_video":130,"tiempo_video":"00:02:10","punto_gpx":132,"latitud":-33.000913333333301,"longitud":-68.652385,"elevacion":681.6,"hora_gpx":"2026-07-13T19:49:32Z","imagen":"frames/frame_000130.jpg"},"geometry":{"type":"Point","coordinates":[-68.652385,-33.000913333333301]}},
{"type":"Feature","properties":{"seg_gpx_rel":132,"tiempo_gpx_rel":"00:02:12","desfase_s":-1,"seg_video":131,"tiempo_video":"00:02:11","punto_gpx":133,"latitud":-33.0009466666667,"longitud":-68.6522966666667,"elevacion":681.5,"hora_gpx":"2026-07-13T19:49:33Z","imagen":"frames/frame_000131.jpg"},"geometry":{"type":"Point","coordinates":[-68.6522966666667,-33.0009466666667]}},
{"type":"Feature","properties":{"seg_gpx_rel":133,"tiempo_gpx_rel":"00:02:13","desfase_s":-1,"seg_video":132,"tiempo_video":"00:02:12","punto_gpx":134,"latitud":-33.000981666666704,"longitud":-68.652208333333306,"elevacion":681.4,"hora_gpx":"2026-07-13T19:49:34Z","imagen":"frames/frame_000132.jpg"},"geometry":{"type":"Point","coordinates":[-68.652208333333306,-33.000981666666704]}},
{"type":"Feature","properties":{"seg_gpx_rel":134,"tiempo_gpx_rel":"00:02:14","desfase_s":-1,"seg_video":133,"tiempo_video":"00:02:13","punto_gpx":135,"latitud":-33.001015,"longitud":-68.65212,"elevacion":681.6,"hora_gpx":"2026-07-13T19:49:35Z","imagen":"frames/frame_000133.jpg"},"geometry":{"type":"Point","coordinates":[-68.65212,-33.001015]}},
{"type":"Feature","properties":{"seg_gpx_rel":135,"tiempo_gpx_rel":"00:02:15","desfase_s":-1,"seg_video":134,"tiempo_video":"00:02:14","punto_gpx":136,"latitud":-33.001048333333301,"longitud":-68.65203,"elevacion":682.0,"hora_gpx":"2026-07-13T19:49:36Z","imagen":"frames/frame_000134.jpg"},"geometry":{"type":"Point","coordinates":[-68.65203,-33.001048333333301]}},
{"type":"Feature","properties":{"seg_gpx_rel":136,"tiempo_gpx_rel":"00:02:16","desfase_s":-1,"seg_video":135,"tiempo_video":"00:02:15","punto_gpx":137,"latitud":-33.0010816666667,"longitud":-68.651941666666701,"elevacion":682.4,"hora_gpx":"2026-07-13T19:49:37Z","imagen":"frames/frame_000135.jpg"},"geometry":{"type":"Point","coordinates":[-68.651941666666701,-33.0010816666667]}},
{"type":"Feature","properties":{"seg_gpx_rel":137,"tiempo_gpx_rel":"00:02:17","desfase_s":-1,"seg_video":136,"tiempo_video":"00:02:16","punto_gpx":138,"latitud":-33.001113333333301,"longitud":-68.651855,"elevacion":682.8,"hora_gpx":"2026-07-13T19:49:38Z","imagen":"frames/frame_000136.jpg"},"geometry":{"type":"Point","coordinates":[-68.651855,-33.001113333333301]}},
{"type":"Feature","properties":{"seg_gpx_rel":138,"tiempo_gpx_rel":"00:02:18","desfase_s":-1,"seg_video":137,"tiempo_video":"00:02:17","punto_gpx":139,"latitud":-33.001143333333303,"longitud":-68.651771666666704,"elevacion":682.9,"hora_gpx":"2026-07-13T19:49:39Z","imagen":"frames/frame_000137.jpg"},"geometry":{"type":"Point","coordinates":[-68.651771666666704,-33.001143333333303]}},
{"type":"Feature","properties":{"seg_gpx_rel":139,"tiempo_gpx_rel":"00:02:19","desfase_s":-1,"seg_video":138,"tiempo_video":"00:02:18","punto_gpx":140,"latitud":-33.0011716666667,"longitud":-68.65169,"elevacion":682.9,"hora_gpx":"2026-07-13T19:49:40Z","imagen":"frames/frame_000138.jpg"},"geometry":{"type":"Point","coordinates":[-68.65169,-33.0011716666667]}},
{"type":"Feature","properties":{"seg_gpx_rel":140,"tiempo_gpx_rel":"00:02:20","desfase_s":-1,"seg_video":139,"tiempo_video":"00:02:19","punto_gpx":141,"latitud":-33.0012,"longitud":-68.6516083333333,"elevacion":682.9,"hora_gpx":"2026-07-13T19:49:41Z","imagen":"frames/frame_000139.jpg"},"geometry":{"type":"Point","coordinates":[-68.6516083333333,-33.0012]}},
{"type":"Feature","properties":{"seg_gpx_rel":141,"tiempo_gpx_rel":"00:02:21","desfase_s":-1,"seg_video":140,"tiempo_video":"00:02:20","punto_gpx":142,"latitud":-33.001228333333302,"longitud":-68.651526666666697,"elevacion":682.9,"hora_gpx":"2026-07-13T19:49:42Z","imagen":"frames/frame_000140.jpg"},"geometry":{"type":"Point","coordinates":[-68.651526666666697,-33.001228333333302]}},
{"type":"Feature","properties":{"seg_gpx_rel":142,"tiempo_gpx_rel":"00:02:22","desfase_s":-1,"seg_video":141,"tiempo_video":"00:02:21","punto_gpx":143,"latitud":-33.001256666666698,"longitud":-68.651448333333306,"elevacion":682.7,"hora_gpx":"2026-07-13T19:49:43Z","imagen":"frames/frame_000141.jpg"},"geometry":{"type":"Point","coordinates":[-68.651448333333306,-33.001256666666698]}},
{"type":"Feature","properties":{"seg_gpx_rel":143,"tiempo_gpx_rel":"00:02:23","desfase_s":-1,"seg_video":142,"tiempo_video":"00:02:22","punto_gpx":144,"latitud":-33.001285,"longitud":-68.65137,"elevacion":682.3,"hora_gpx":"2026-07-13T19:49:44Z","imagen":"frames/frame_000142.jpg"},"geometry":{"type":"Point","coordinates":[-68.65137,-33.001285]}},
{"type":"Feature","properties":{"seg_gpx_rel":144,"tiempo_gpx_rel":"00:02:24","desfase_s":-1,"seg_video":143,"tiempo_video":"00:02:23","punto_gpx":145,"latitud":-33.001311666666702,"longitud":-68.651291666666694,"elevacion":682.0,"hora_gpx":"2026-07-13T19:49:45Z","imagen":"frames/frame_000143.jpg"},"geometry":{"type":"Point","coordinates":[-68.651291666666694,-33.001311666666702]}},
{"type":"Feature","properties":{"seg_gpx_rel":145,"tiempo_gpx_rel":"00:02:25","desfase_s":-1,"seg_video":144,"tiempo_video":"00:02:24","punto_gpx":146,"latitud":-33.001338333333301,"longitud":-68.651215,"elevacion":682.0,"hora_gpx":"2026-07-13T19:49:46Z","imagen":"frames/frame_000144.jpg"},"geometry":{"type":"Point","coordinates":[-68.651215,-33.001338333333301]}},
{"type":"Feature","properties":{"seg_gpx_rel":146,"tiempo_gpx_rel":"00:02:26","desfase_s":-1,"seg_video":145,"tiempo_video":"00:02:25","punto_gpx":147,"latitud":-33.001365,"longitud":-68.651141666666703,"elevacion":682.0,"hora_gpx":"2026-07-13T19:49:47Z","imagen":"frames/frame_000145.jpg"},"geometry":{"type":"Point","coordinates":[-68.651141666666703,-33.001365]}},
{"type":"Feature","properties":{"seg_gpx_rel":147,"tiempo_gpx_rel":"00:02:27","desfase_s":-1,"seg_video":146,"tiempo_video":"00:02:26","punto_gpx":148,"latitud":-33.00139,"longitud":-68.651068333333299,"elevacion":681.7,"hora_gpx":"2026-07-13T19:49:48Z","imagen":"frames/frame_000146.jpg"},"geometry":{"type":"Point","coordinates":[-68.651068333333299,-33.00139]}},
{"type":"Feature","properties":{"seg_gpx_rel":148,"tiempo_gpx_rel":"00:02:28","desfase_s":-1,"seg_video":147,"tiempo_video":"00:02:27","punto_gpx":149,"latitud":-33.001416666666699,"longitud":-68.650995,"elevacion":681.6,"hora_gpx":"2026-07-13T19:49:49Z","imagen":"frames/frame_000147.jpg"},"geometry":{"type":"Point","coordinates":[-68.650995,-33.001416666666699]}},
{"type":"Feature","properties":{"seg_gpx_rel":149,"tiempo_gpx_rel":"00:02:29","desfase_s":-1,"seg_video":148,"tiempo_video":"00:02:28","punto_gpx":150,"latitud":-33.001443333333299,"longitud":-68.65092,"elevacion":681.4,"hora_gpx":"2026-07-13T19:49:50Z","imagen":"frames/frame_000148.jpg"},"geometry":{"type":"Point","coordinates":[-68.65092,-33.001443333333299]}},
{"type":"Feature","properties":{"seg_gpx_rel":150,"tiempo_gpx_rel":"00:02:30","desfase_s":-1,"seg_video":149,"tiempo_video":"00:02:29","punto_gpx":151,"latitud":-33.00147,"longitud":-68.650843333333299,"elevacion":681.5,"hora_gpx":"2026-07-13T19:49:51Z","imagen":"frames/frame_000149.jpg"},"geometry":{"type":"Point","coordinates":[-68.650843333333299,-33.00147]}},
{"type":"Feature","properties":{"seg_gpx_rel":151,"tiempo_gpx_rel":"00:02:31","desfase_s":-1,"seg_video":150,"tiempo_video":"00:02:30","punto_gpx":152,"latitud":-33.0015,"longitud":-68.650765,"elevacion":681.6,"hora_gpx":"2026-07-13T19:49:52Z","imagen":"frames/frame_000150.jpg"},"geometry":{"type":"Point","coordinates":[-68.650765,-33.0015]}},
{"type":"Feature","properties":{"seg_gpx_rel":152,"tiempo_gpx_rel":"00:02:32","desfase_s":-1,"seg_video":151,"tiempo_video":"00:02:31","punto_gpx":153,"latitud":-33.00153,"longitud":-68.650685,"elevacion":681.6,"hora_gpx":"2026-07-13T19:49:53Z","imagen":"frames/frame_000151.jpg"},"geometry":{"type":"Point","coordinates":[-68.650685,-33.00153]}},
{"type":"Feature","properties":{"seg_gpx_rel":153,"tiempo_gpx_rel":"00:02:33","desfase_s":-1,"seg_video":152,"tiempo_video":"00:02:32","punto_gpx":154,"latitud":-33.0015583333333,"longitud":-68.650608333333295,"elevacion":681.7,"hora_gpx":"2026-07-13T19:49:54Z","imagen":"frames/frame_000152.jpg"},"geometry":{"type":"Point","coordinates":[-68.650608333333295,-33.0015583333333]}},
{"type":"Feature","properties":{"seg_gpx_rel":154,"tiempo_gpx_rel":"00:02:34","desfase_s":-1,"seg_video":153,"tiempo_video":"00:02:33","punto_gpx":155,"latitud":-33.001583333333301,"longitud":-68.6505333333333,"elevacion":681.9,"hora_gpx":"2026-07-13T19:49:55Z","imagen":"frames/frame_000153.jpg"},"geometry":{"type":"Point","coordinates":[-68.6505333333333,-33.001583333333301]}},
{"type":"Feature","properties":{"seg_gpx_rel":155,"tiempo_gpx_rel":"00:02:35","desfase_s":-1,"seg_video":154,"tiempo_video":"00:02:34","punto_gpx":156,"latitud":-33.001606666666703,"longitud":-68.65046,"elevacion":682.0,"hora_gpx":"2026-07-13T19:49:56Z","imagen":"frames/frame_000154.jpg"},"geometry":{"type":"Point","coordinates":[-68.65046,-33.001606666666703]}},
{"type":"Feature","properties":{"seg_gpx_rel":156,"tiempo_gpx_rel":"00:02:36","desfase_s":-1,"seg_video":155,"tiempo_video":"00:02:35","punto_gpx":157,"latitud":-33.001631666666697,"longitud":-68.65039,"elevacion":682.2,"hora_gpx":"2026-07-13T19:49:57Z","imagen":"frames/frame_000155.jpg"},"geometry":{"type":"Point","coordinates":[-68.65039,-33.001631666666697]}},
{"type":"Feature","properties":{"seg_gpx_rel":157,"tiempo_gpx_rel":"00:02:37","desfase_s":-1,"seg_video":156,"tiempo_video":"00:02:36","punto_gpx":158,"latitud":-33.001658333333303,"longitud":-68.650318333333303,"elevacion":682.4,"hora_gpx":"2026-07-13T19:49:58Z","imagen":"frames/frame_000156.jpg"},"geometry":{"type":"Point","coordinates":[-68.650318333333303,-33.001658333333303]}},
{"type":"Feature","properties":{"seg_gpx_rel":158,"tiempo_gpx_rel":"00:02:38","desfase_s":-1,"seg_video":157,"tiempo_video":"00:02:37","punto_gpx":159,"latitud":-33.001685,"longitud":-68.65025,"elevacion":682.2,"hora_gpx":"2026-07-13T19:49:59Z","imagen":"frames/frame_000157.jpg"},"geometry":{"type":"Point","coordinates":[-68.65025,-33.001685]}},
{"type":"Feature","properties":{"seg_gpx_rel":159,"tiempo_gpx_rel":"00:02:39","desfase_s":-1,"seg_video":158,"tiempo_video":"00:02:38","punto_gpx":160,"latitud":-33.001711666666701,"longitud":-68.650176666666695,"elevacion":682.0,"hora_gpx":"2026-07-13T19:50:00Z","imagen":"frames/frame_000158.jpg"},"geometry":{"type":"Point","coordinates":[-68.650176666666695,-33.001711666666701]}},
{"type":"Feature","properties":{"seg_gpx_rel":160,"tiempo_gpx_rel":"00:02:40","desfase_s":-1,"seg_video":159,"tiempo_video":"00:02:39","punto_gpx":161,"latitud":-33.0017383333333,"longitud":-68.6501016666667,"elevacion":681.8,"hora_gpx":"2026-07-13T19:50:01Z","imagen":"frames/frame_000159.jpg"},"geometry":{"type":"Point","coordinates":[-68.6501016666667,-33.0017383333333]}},
{"type":"Feature","properties":{"seg_gpx_rel":161,"tiempo_gpx_rel":"00:02:41","desfase_s":-1,"seg_video":160,"tiempo_video":"00:02:40","punto_gpx":162,"latitud":-33.001766666666697,"longitud":-68.650021666666703,"elevacion":681.7,"hora_gpx":"2026-07-13T19:50:02Z","imagen":"frames/frame_000160.jpg"},"geometry":{"type":"Point","coordinates":[-68.650021666666703,-33.001766666666697]}},
{"type":"Feature","properties":{"seg_gpx_rel":162,"tiempo_gpx_rel":"00:02:42","desfase_s":-1,"seg_video":161,"tiempo_video":"00:02:41","punto_gpx":163,"latitud":-33.001795,"longitud":-68.64994,"elevacion":681.4,"hora_gpx":"2026-07-13T19:50:03Z","imagen":"frames/frame_000161.jpg"},"geometry":{"type":"Point","coordinates":[-68.64994,-33.001795]}},
{"type":"Feature","properties":{"seg_gpx_rel":163,"tiempo_gpx_rel":"00:02:43","desfase_s":-1,"seg_video":162,"tiempo_video":"00:02:42","punto_gpx":164,"latitud":-33.001825,"longitud":-68.649856666666693,"elevacion":681.1,"hora_gpx":"2026-07-13T19:50:04Z","imagen":"frames/frame_000162.jpg"},"geometry":{"type":"Point","coordinates":[-68.649856666666693,-33.001825]}},
{"type":"Feature","properties":{"seg_gpx_rel":164,"tiempo_gpx_rel":"00:02:44","desfase_s":-1,"seg_video":163,"tiempo_video":"00:02:43","punto_gpx":165,"latitud":-33.001855,"longitud":-68.6497733333333,"elevacion":681.1,"hora_gpx":"2026-07-13T19:50:05Z","imagen":"frames/frame_000163.jpg"},"geometry":{"type":"Point","coordinates":[-68.6497733333333,-33.001855]}},
{"type":"Feature","properties":{"seg_gpx_rel":165,"tiempo_gpx_rel":"00:02:45","desfase_s":-1,"seg_video":164,"tiempo_video":"00:02:44","punto_gpx":166,"latitud":-33.001886666666699,"longitud":-68.649686666666696,"elevacion":681.2,"hora_gpx":"2026-07-13T19:50:06Z","imagen":"frames/frame_000164.jpg"},"geometry":{"type":"Point","coordinates":[-68.649686666666696,-33.001886666666699]}},
{"type":"Feature","properties":{"seg_gpx_rel":166,"tiempo_gpx_rel":"00:02:46","desfase_s":-1,"seg_video":165,"tiempo_video":"00:02:45","punto_gpx":167,"latitud":-33.0019183333333,"longitud":-68.649598333333302,"elevacion":681.2,"hora_gpx":"2026-07-13T19:50:07Z","imagen":"frames/frame_000165.jpg"},"geometry":{"type":"Point","coordinates":[-68.649598333333302,-33.0019183333333]}},
{"type":"Feature","properties":{"seg_gpx_rel":167,"tiempo_gpx_rel":"00:02:47","desfase_s":-1,"seg_video":166,"tiempo_video":"00:02:46","punto_gpx":168,"latitud":-33.001951666666699,"longitud":-68.649508333333301,"elevacion":681.0,"hora_gpx":"2026-07-13T19:50:08Z","imagen":"frames/frame_000166.jpg"},"geometry":{"type":"Point","coordinates":[-68.649508333333301,-33.001951666666699]}},
{"type":"Feature","properties":{"seg_gpx_rel":168,"tiempo_gpx_rel":"00:02:48","desfase_s":-1,"seg_video":167,"tiempo_video":"00:02:47","punto_gpx":169,"latitud":-33.001985,"longitud":-68.649418333333301,"elevacion":681.0,"hora_gpx":"2026-07-13T19:50:09Z","imagen":"frames/frame_000167.jpg"},"geometry":{"type":"Point","coordinates":[-68.649418333333301,-33.001985]}},
{"type":"Feature","properties":{"seg_gpx_rel":169,"tiempo_gpx_rel":"00:02:49","desfase_s":-1,"seg_video":168,"tiempo_video":"00:02:48","punto_gpx":170,"latitud":-33.002018333333297,"longitud":-68.649326666666695,"elevacion":680.7,"hora_gpx":"2026-07-13T19:50:10Z","imagen":"frames/frame_000168.jpg"},"geometry":{"type":"Point","coordinates":[-68.649326666666695,-33.002018333333297]}},
{"type":"Feature","properties":{"seg_gpx_rel":170,"tiempo_gpx_rel":"00:02:50","desfase_s":-1,"seg_video":169,"tiempo_video":"00:02:49","punto_gpx":171,"latitud":-33.00205,"longitud":-68.649235,"elevacion":680.7,"hora_gpx":"2026-07-13T19:50:11Z","imagen":"frames/frame_000169.jpg"},"geometry":{"type":"Point","coordinates":[-68.649235,-33.00205]}},
{"type":"Feature","properties":{"seg_gpx_rel":171,"tiempo_gpx_rel":"00:02:51","desfase_s":-1,"seg_video":170,"tiempo_video":"00:02:50","punto_gpx":172,"latitud":-33.002083333333303,"longitud":-68.649143333333299,"elevacion":680.8,"hora_gpx":"2026-07-13T19:50:12Z","imagen":"frames/frame_000170.jpg"},"geometry":{"type":"Point","coordinates":[-68.649143333333299,-33.002083333333303]}},
{"type":"Feature","properties":{"seg_gpx_rel":172,"tiempo_gpx_rel":"00:02:52","desfase_s":-1,"seg_video":171,"tiempo_video":"00:02:51","punto_gpx":173,"latitud":-33.002115,"longitud":-68.649055,"elevacion":680.7,"hora_gpx":"2026-07-13T19:50:13Z","imagen":"frames/frame_000171.jpg"},"geometry":{"type":"Point","coordinates":[-68.649055,-33.002115]}},
{"type":"Feature","properties":{"seg_gpx_rel":173,"tiempo_gpx_rel":"00:02:53","desfase_s":-1,"seg_video":172,"tiempo_video":"00:02:52","punto_gpx":174,"latitud":-33.002145,"longitud":-68.648966666666695,"elevacion":680.9,"hora_gpx":"2026-07-13T19:50:14Z","imagen":"frames/frame_000172.jpg"},"geometry":{"type":"Point","coordinates":[-68.648966666666695,-33.002145]}},
{"type":"Feature","properties":{"seg_gpx_rel":174,"tiempo_gpx_rel":"00:02:54","desfase_s":-1,"seg_video":173,"tiempo_video":"00:02:53","punto_gpx":175,"latitud":-33.002176666666699,"longitud":-68.64888,"elevacion":681.0,"hora_gpx":"2026-07-13T19:50:15Z","imagen":"frames/frame_000173.jpg"},"geometry":{"type":"Point","coordinates":[-68.64888,-33.002176666666699]}},
{"type":"Feature","properties":{"seg_gpx_rel":175,"tiempo_gpx_rel":"00:02:55","desfase_s":-1,"seg_video":174,"tiempo_video":"00:02:54","punto_gpx":176,"latitud":-33.0022083333333,"longitud":-68.648795,"elevacion":680.8,"hora_gpx":"2026-07-13T19:50:16Z","imagen":"frames/frame_000174.jpg"},"geometry":{"type":"Point","coordinates":[-68.648795,-33.0022083333333]}},
{"type":"Feature","properties":{"seg_gpx_rel":176,"tiempo_gpx_rel":"00:02:56","desfase_s":-1,"seg_video":175,"tiempo_video":"00:02:55","punto_gpx":177,"latitud":-33.002238333333302,"longitud":-68.648711666666699,"elevacion":680.5,"hora_gpx":"2026-07-13T19:50:17Z","imagen":"frames/frame_000175.jpg"},"geometry":{"type":"Point","coordinates":[-68.648711666666699,-33.002238333333302]}},
{"type":"Feature","properties":{"seg_gpx_rel":177,"tiempo_gpx_rel":"00:02:57","desfase_s":-1,"seg_video":176,"tiempo_video":"00:02:56","punto_gpx":178,"latitud":-33.002266666666699,"longitud":-68.64863,"elevacion":680.2,"hora_gpx":"2026-07-13T19:50:18Z","imagen":"frames/frame_000176.jpg"},"geometry":{"type":"Point","coordinates":[-68.64863,-33.002266666666699]}},
{"type":"Feature","properties":{"seg_gpx_rel":178,"tiempo_gpx_rel":"00:02:58","desfase_s":-1,"seg_video":177,"tiempo_video":"00:02:57","punto_gpx":179,"latitud":-33.002293333333299,"longitud":-68.648548333333295,"elevacion":680.1,"hora_gpx":"2026-07-13T19:50:19Z","imagen":"frames/frame_000177.jpg"},"geometry":{"type":"Point","coordinates":[-68.648548333333295,-33.002293333333299]}},
{"type":"Feature","properties":{"seg_gpx_rel":179,"tiempo_gpx_rel":"00:02:59","desfase_s":-1,"seg_video":178,"tiempo_video":"00:02:58","punto_gpx":180,"latitud":-33.002321666666703,"longitud":-68.648466666666707,"elevacion":680.1,"hora_gpx":"2026-07-13T19:50:20Z","imagen":"frames/frame_000178.jpg"},"geometry":{"type":"Point","coordinates":[-68.648466666666707,-33.002321666666703]}},
{"type":"Feature","properties":{"seg_gpx_rel":180,"tiempo_gpx_rel":"00:03:00","desfase_s":-1,"seg_video":179,"tiempo_video":"00:02:59","punto_gpx":181,"latitud":-33.002351666666698,"longitud":-68.648386666666696,"elevacion":680.1,"hora_gpx":"2026-07-13T19:50:21Z","imagen":"frames/frame_000179.jpg"},"geometry":{"type":"Point","coordinates":[-68.648386666666696,-33.002351666666698]}},
{"type":"Feature","properties":{"seg_gpx_rel":181,"tiempo_gpx_rel":"00:03:01","desfase_s":-1,"seg_video":180,"tiempo_video":"00:03:00","punto_gpx":182,"latitud":-33.00238,"longitud":-68.648306666666699,"elevacion":680.1,"hora_gpx":"2026-07-13T19:50:22Z","imagen":"frames/frame_000180.jpg"},"geometry":{"type":"Point","coordinates":[-68.648306666666699,-33.00238]}},
{"type":"Feature","properties":{"seg_gpx_rel":182,"tiempo_gpx_rel":"00:03:02","desfase_s":-1,"seg_video":181,"tiempo_video":"00:03:01","punto_gpx":183,"latitud":-33.002405,"longitud":-68.64823,"elevacion":680.0,"hora_gpx":"2026-07-13T19:50:23Z","imagen":"frames/frame_000181.jpg"},"geometry":{"type":"Point","coordinates":[-68.64823,-33.002405]}},
{"type":"Feature","properties":{"seg_gpx_rel":183,"tiempo_gpx_rel":"00:03:03","desfase_s":-1,"seg_video":182,"tiempo_video":"00:03:02","punto_gpx":184,"latitud":-33.0024333333333,"longitud":-68.648151666666706,"elevacion":679.7,"hora_gpx":"2026-07-13T19:50:24Z","imagen":"frames/frame_000182.jpg"},"geometry":{"type":"Point","coordinates":[-68.648151666666706,-33.0024333333333]}},
{"type":"Feature","properties":{"seg_gpx_rel":184,"tiempo_gpx_rel":"00:03:04","desfase_s":-1,"seg_video":183,"tiempo_video":"00:03:03","punto_gpx":185,"latitud":-33.002461666666697,"longitud":-68.648075,"elevacion":679.6,"hora_gpx":"2026-07-13T19:50:25Z","imagen":"frames/frame_000183.jpg"},"geometry":{"type":"Point","coordinates":[-68.648075,-33.002461666666697]}},
{"type":"Feature","properties":{"seg_gpx_rel":185,"tiempo_gpx_rel":"00:03:05","desfase_s":-1,"seg_video":184,"tiempo_video":"00:03:04","punto_gpx":186,"latitud":-33.00249,"longitud":-68.648001666666701,"elevacion":679.5,"hora_gpx":"2026-07-13T19:50:26Z","imagen":"frames/frame_000184.jpg"},"geometry":{"type":"Point","coordinates":[-68.648001666666701,-33.00249]}},
{"type":"Feature","properties":{"seg_gpx_rel":186,"tiempo_gpx_rel":"00:03:06","desfase_s":-1,"seg_video":185,"tiempo_video":"00:03:05","punto_gpx":187,"latitud":-33.002518333333299,"longitud":-68.647928333333297,"elevacion":679.5,"hora_gpx":"2026-07-13T19:50:27Z","imagen":"frames/frame_000185.jpg"},"geometry":{"type":"Point","coordinates":[-68.647928333333297,-33.002518333333299]}},
{"type":"Feature","properties":{"seg_gpx_rel":187,"tiempo_gpx_rel":"00:03:07","desfase_s":-1,"seg_video":186,"tiempo_video":"00:03:06","punto_gpx":188,"latitud":-33.002546666666703,"longitud":-68.647855,"elevacion":679.5,"hora_gpx":"2026-07-13T19:50:28Z","imagen":"frames/frame_000186.jpg"},"geometry":{"type":"Point","coordinates":[-68.647855,-33.002546666666703]}},
{"type":"Feature","properties":{"seg_gpx_rel":188,"tiempo_gpx_rel":"00:03:08","desfase_s":-1,"seg_video":187,"tiempo_video":"00:03:07","punto_gpx":189,"latitud":-33.002575,"longitud":-68.647781666666702,"elevacion":679.5,"hora_gpx":"2026-07-13T19:50:29Z","imagen":"frames/frame_000187.jpg"},"geometry":{"type":"Point","coordinates":[-68.647781666666702,-33.002575]}},
{"type":"Feature","properties":{"seg_gpx_rel":189,"tiempo_gpx_rel":"00:03:09","desfase_s":-1,"seg_video":188,"tiempo_video":"00:03:08","punto_gpx":190,"latitud":-33.0026,"longitud":-68.647706666666707,"elevacion":679.5,"hora_gpx":"2026-07-13T19:50:30Z","imagen":"frames/frame_000188.jpg"},"geometry":{"type":"Point","coordinates":[-68.647706666666707,-33.0026]}},
{"type":"Feature","properties":{"seg_gpx_rel":190,"tiempo_gpx_rel":"00:03:10","desfase_s":-1,"seg_video":189,"tiempo_video":"00:03:09","punto_gpx":191,"latitud":-33.002623333333297,"longitud":-68.64763,"elevacion":679.7,"hora_gpx":"2026-07-13T19:50:31Z","imagen":"frames/frame_000189.jpg"},"geometry":{"type":"Point","coordinates":[-68.64763,-33.002623333333297]}},
{"type":"Feature","properties":{"seg_gpx_rel":191,"tiempo_gpx_rel":"00:03:11","desfase_s":-1,"seg_video":190,"tiempo_video":"00:03:10","punto_gpx":192,"latitud":-33.002648333333298,"longitud":-68.64755,"elevacion":679.9,"hora_gpx":"2026-07-13T19:50:32Z","imagen":"frames/frame_000190.jpg"},"geometry":{"type":"Point","coordinates":[-68.64755,-33.002648333333298]}},
{"type":"Feature","properties":{"seg_gpx_rel":192,"tiempo_gpx_rel":"00:03:12","desfase_s":-1,"seg_video":191,"tiempo_video":"00:03:11","punto_gpx":193,"latitud":-33.002676666666702,"longitud":-68.6474616666667,"elevacion":679.9,"hora_gpx":"2026-07-13T19:50:33Z","imagen":"frames/frame_000191.jpg"},"geometry":{"type":"Point","coordinates":[-68.6474616666667,-33.002676666666702]}},
{"type":"Feature","properties":{"seg_gpx_rel":193,"tiempo_gpx_rel":"00:03:13","desfase_s":-1,"seg_video":192,"tiempo_video":"00:03:12","punto_gpx":194,"latitud":-33.00271,"longitud":-68.64736,"elevacion":680.0,"hora_gpx":"2026-07-13T19:50:34Z","imagen":"frames/frame_000192.jpg"},"geometry":{"type":"Point","coordinates":[-68.64736,-33.00271]}},
{"type":"Feature","properties":{"seg_gpx_rel":194,"tiempo_gpx_rel":"00:03:14","desfase_s":-1,"seg_video":193,"tiempo_video":"00:03:13","punto_gpx":195,"latitud":-33.002748333333301,"longitud":-68.64725,"elevacion":680.1,"hora_gpx":"2026-07-13T19:50:35Z","imagen":"frames/frame_000193.jpg"},"geometry":{"type":"Point","coordinates":[-68.64725,-33.002748333333301]}},
{"type":"Feature","properties":{"seg_gpx_rel":195,"tiempo_gpx_rel":"00:03:15","desfase_s":-1,"seg_video":194,"tiempo_video":"00:03:14","punto_gpx":196,"latitud":-33.002788333333299,"longitud":-68.647135,"elevacion":680.2,"hora_gpx":"2026-07-13T19:50:36Z","imagen":"frames/frame_000194.jpg"},"geometry":{"type":"Point","coordinates":[-68.647135,-33.002788333333299]}},
{"type":"Feature","properties":{"seg_gpx_rel":196,"tiempo_gpx_rel":"00:03:16","desfase_s":-1,"seg_video":195,"tiempo_video":"00:03:15","punto_gpx":197,"latitud":-33.002828333333298,"longitud":-68.647018333333307,"elevacion":680.4,"hora_gpx":"2026-07-13T19:50:37Z","imagen":"frames/frame_000195.jpg"},"geometry":{"type":"Point","coordinates":[-68.647018333333307,-33.002828333333298]}},
{"type":"Feature","properties":{"seg_gpx_rel":197,"tiempo_gpx_rel":"00:03:17","desfase_s":-1,"seg_video":196,"tiempo_video":"00:03:16","punto_gpx":198,"latitud":-33.00287,"longitud":-68.646905,"elevacion":680.6,"hora_gpx":"2026-07-13T19:50:38Z","imagen":"frames/frame_000196.jpg"},"geometry":{"type":"Point","coordinates":[-68.646905,-33.00287]}},
{"type":"Feature","properties":{"seg_gpx_rel":198,"tiempo_gpx_rel":"00:03:18","desfase_s":-1,"seg_video":197,"tiempo_video":"00:03:17","punto_gpx":199,"latitud":-33.00291,"longitud":-68.646791666666701,"elevacion":680.7,"hora_gpx":"2026-07-13T19:50:39Z","imagen":"frames/frame_000197.jpg"},"geometry":{"type":"Point","coordinates":[-68.646791666666701,-33.00291]}},
{"type":"Feature","properties":{"seg_gpx_rel":199,"tiempo_gpx_rel":"00:03:19","desfase_s":-1,"seg_video":198,"tiempo_video":"00:03:18","punto_gpx":200,"latitud":-33.0029483333333,"longitud":-68.64668,"elevacion":680.8,"hora_gpx":"2026-07-13T19:50:40Z","imagen":"frames/frame_000198.jpg"},"geometry":{"type":"Point","coordinates":[-68.64668,-33.0029483333333]}},
{"type":"Feature","properties":{"seg_gpx_rel":200,"tiempo_gpx_rel":"00:03:20","desfase_s":-1,"seg_video":199,"tiempo_video":"00:03:19","punto_gpx":201,"latitud":-33.002985,"longitud":-68.64657,"elevacion":680.7,"hora_gpx":"2026-07-13T19:50:41Z","imagen":"frames/frame_000199.jpg"},"geometry":{"type":"Point","coordinates":[-68.64657,-33.002985]}},
{"type":"Feature","properties":{"seg_gpx_rel":201,"tiempo_gpx_rel":"00:03:21","desfase_s":-1,"seg_video":200,"tiempo_video":"00:03:20","punto_gpx":202,"latitud":-33.003025,"longitud":-68.6464583333333,"elevacion":680.7,"hora_gpx":"2026-07-13T19:50:42Z","imagen":"frames/frame_000200.jpg"},"geometry":{"type":"Point","coordinates":[-68.6464583333333,-33.003025]}},
{"type":"Feature","properties":{"seg_gpx_rel":202,"tiempo_gpx_rel":"00:03:22","desfase_s":-1,"seg_video":201,"tiempo_video":"00:03:21","punto_gpx":203,"latitud":-33.003068333333303,"longitud":-68.646345,"elevacion":681.0,"hora_gpx":"2026-07-13T19:50:43Z","imagen":"frames/frame_000201.jpg"},"geometry":{"type":"Point","coordinates":[-68.646345,-33.003068333333303]}},
{"type":"Feature","properties":{"seg_gpx_rel":203,"tiempo_gpx_rel":"00:03:23","desfase_s":-1,"seg_video":202,"tiempo_video":"00:03:22","punto_gpx":204,"latitud":-33.003106666666703,"longitud":-68.646228333333298,"elevacion":681.3,"hora_gpx":"2026-07-13T19:50:44Z","imagen":"frames/frame_000202.jpg"},"geometry":{"type":"Point","coordinates":[-68.646228333333298,-33.003106666666703]}},
{"type":"Feature","properties":{"seg_gpx_rel":204,"tiempo_gpx_rel":"00:03:24","desfase_s":-1,"seg_video":203,"tiempo_video":"00:03:23","punto_gpx":205,"latitud":-33.003146666666701,"longitud":-68.646113333333304,"elevacion":681.4,"hora_gpx":"2026-07-13T19:50:45Z","imagen":"frames/frame_000203.jpg"},"geometry":{"type":"Point","coordinates":[-68.646113333333304,-33.003146666666701]}},
{"type":"Feature","properties":{"seg_gpx_rel":205,"tiempo_gpx_rel":"00:03:25","desfase_s":-1,"seg_video":204,"tiempo_video":"00:03:24","punto_gpx":206,"latitud":-33.003188333333298,"longitud":-68.645996666666704,"elevacion":681.5,"hora_gpx":"2026-07-13T19:50:46Z","imagen":"frames/frame_000204.jpg"},"geometry":{"type":"Point","coordinates":[-68.645996666666704,-33.003188333333298]}},
{"type":"Feature","properties":{"seg_gpx_rel":206,"tiempo_gpx_rel":"00:03:26","desfase_s":-1,"seg_video":205,"tiempo_video":"00:03:25","punto_gpx":207,"latitud":-33.003228333333297,"longitud":-68.64588,"elevacion":681.6,"hora_gpx":"2026-07-13T19:50:47Z","imagen":"frames/frame_000205.jpg"},"geometry":{"type":"Point","coordinates":[-68.64588,-33.003228333333297]}},
{"type":"Feature","properties":{"seg_gpx_rel":207,"tiempo_gpx_rel":"00:03:27","desfase_s":-1,"seg_video":206,"tiempo_video":"00:03:26","punto_gpx":208,"latitud":-33.00327,"longitud":-68.645763333333306,"elevacion":681.8,"hora_gpx":"2026-07-13T19:50:48Z","imagen":"frames/frame_000206.jpg"},"geometry":{"type":"Point","coordinates":[-68.645763333333306,-33.00327]}},
{"type":"Feature","properties":{"seg_gpx_rel":208,"tiempo_gpx_rel":"00:03:28","desfase_s":-1,"seg_video":207,"tiempo_video":"00:03:27","punto_gpx":209,"latitud":-33.003311666666697,"longitud":-68.645645,"elevacion":682.0,"hora_gpx":"2026-07-13T19:50:49Z","imagen":"frames/frame_000207.jpg"},"geometry":{"type":"Point","coordinates":[-68.645645,-33.003311666666697]}},
{"type":"Feature","properties":{"seg_gpx_rel":209,"tiempo_gpx_rel":"00:03:29","desfase_s":-1,"seg_video":208,"tiempo_video":"00:03:28","punto_gpx":210,"latitud":-33.003355,"longitud":-68.645526666666697,"elevacion":682.2,"hora_gpx":"2026-07-13T19:50:50Z","imagen":"frames/frame_000208.jpg"},"geometry":{"type":"Point","coordinates":[-68.645526666666697,-33.003355]}},
{"type":"Feature","properties":{"seg_gpx_rel":210,"tiempo_gpx_rel":"00:03:30","desfase_s":-1,"seg_video":209,"tiempo_video":"00:03:29","punto_gpx":211,"latitud":-33.003396666666703,"longitud":-68.645408333333407,"elevacion":682.1,"hora_gpx":"2026-07-13T19:50:51Z","imagen":"frames/frame_000209.jpg"},"geometry":{"type":"Point","coordinates":[-68.645408333333407,-33.003396666666703]}},
{"type":"Feature","properties":{"seg_gpx_rel":211,"tiempo_gpx_rel":"00:03:31","desfase_s":-1,"seg_video":210,"tiempo_video":"00:03:30","punto_gpx":212,"latitud":-33.0034383333333,"longitud":-68.64529,"elevacion":682.1,"hora_gpx":"2026-07-13T19:50:52Z","imagen":"frames/frame_000210.jpg"},"geometry":{"type":"Point","coordinates":[-68.64529,-33.0034383333333]}},
{"type":"Feature","properties":{"seg_gpx_rel":212,"tiempo_gpx_rel":"00:03:32","desfase_s":-1,"seg_video":211,"tiempo_video":"00:03:31","punto_gpx":213,"latitud":-33.003481666666701,"longitud":-68.645171666666698,"elevacion":682.1,"hora_gpx":"2026-07-13T19:50:53Z","imagen":"frames/frame_000211.jpg"},"geometry":{"type":"Point","coordinates":[-68.645171666666698,-33.003481666666701]}},
{"type":"Feature","properties":{"seg_gpx_rel":213,"tiempo_gpx_rel":"00:03:33","desfase_s":-1,"seg_video":212,"tiempo_video":"00:03:32","punto_gpx":214,"latitud":-33.003523333333298,"longitud":-68.645053333333294,"elevacion":682.1,"hora_gpx":"2026-07-13T19:50:54Z","imagen":"frames/frame_000212.jpg"},"geometry":{"type":"Point","coordinates":[-68.645053333333294,-33.003523333333298]}},
{"type":"Feature","properties":{"seg_gpx_rel":214,"tiempo_gpx_rel":"00:03:34","desfase_s":-1,"seg_video":213,"tiempo_video":"00:03:33","punto_gpx":215,"latitud":-33.0035666666667,"longitud":-68.644935,"elevacion":682.3,"hora_gpx":"2026-07-13T19:50:55Z","imagen":"frames/frame_000213.jpg"},"geometry":{"type":"Point","coordinates":[-68.644935,-33.0035666666667]}},
{"type":"Feature","properties":{"seg_gpx_rel":215,"tiempo_gpx_rel":"00:03:35","desfase_s":-1,"seg_video":214,"tiempo_video":"00:03:34","punto_gpx":216,"latitud":-33.00361,"longitud":-68.644815,"elevacion":682.5,"hora_gpx":"2026-07-13T19:50:56Z","imagen":"frames/frame_000214.jpg"},"geometry":{"type":"Point","coordinates":[-68.644815,-33.00361]}},
{"type":"Feature","properties":{"seg_gpx_rel":216,"tiempo_gpx_rel":"00:03:36","desfase_s":-1,"seg_video":215,"tiempo_video":"00:03:35","punto_gpx":217,"latitud":-33.003653333333297,"longitud":-68.644693333333294,"elevacion":682.5,"hora_gpx":"2026-07-13T19:50:57Z","imagen":"frames/frame_000215.jpg"},"geometry":{"type":"Point","coordinates":[-68.644693333333294,-33.003653333333297]}},
{"type":"Feature","properties":{"seg_gpx_rel":217,"tiempo_gpx_rel":"00:03:37","desfase_s":-1,"seg_video":216,"tiempo_video":"00:03:36","punto_gpx":218,"latitud":-33.003693333333302,"longitud":-68.644575,"elevacion":682.3,"hora_gpx":"2026-07-13T19:50:58Z","imagen":"frames/frame_000216.jpg"},"geometry":{"type":"Point","coordinates":[-68.644575,-33.003693333333302]}},
{"type":"Feature","properties":{"seg_gpx_rel":218,"tiempo_gpx_rel":"00:03:38","desfase_s":-1,"seg_video":217,"tiempo_video":"00:03:37","punto_gpx":219,"latitud":-33.003735,"longitud":-68.644455,"elevacion":682.0,"hora_gpx":"2026-07-13T19:50:59Z","imagen":"frames/frame_000217.jpg"},"geometry":{"type":"Point","coordinates":[-68.644455,-33.003735]}},
{"type":"Feature","properties":{"seg_gpx_rel":219,"tiempo_gpx_rel":"00:03:39","desfase_s":-1,"seg_video":218,"tiempo_video":"00:03:38","punto_gpx":220,"latitud":-33.003775,"longitud":-68.644333333333293,"elevacion":682.0,"hora_gpx":"2026-07-13T19:51:00Z","imagen":"frames/frame_000218.jpg"},"geometry":{"type":"Point","coordinates":[-68.644333333333293,-33.003775]}},
{"type":"Feature","properties":{"seg_gpx_rel":220,"tiempo_gpx_rel":"00:03:40","desfase_s":-1,"seg_video":219,"tiempo_video":"00:03:39","punto_gpx":221,"latitud":-33.003816666666701,"longitud":-68.644211666666706,"elevacion":681.8,"hora_gpx":"2026-07-13T19:51:01Z","imagen":"frames/frame_000219.jpg"},"geometry":{"type":"Point","coordinates":[-68.644211666666706,-33.003816666666701]}},
{"type":"Feature","properties":{"seg_gpx_rel":221,"tiempo_gpx_rel":"00:03:41","desfase_s":-1,"seg_video":220,"tiempo_video":"00:03:40","punto_gpx":222,"latitud":-33.003856666666699,"longitud":-68.644093333333302,"elevacion":681.7,"hora_gpx":"2026-07-13T19:51:02Z","imagen":"frames/frame_000220.jpg"},"geometry":{"type":"Point","coordinates":[-68.644093333333302,-33.003856666666699]}},
{"type":"Feature","properties":{"seg_gpx_rel":222,"tiempo_gpx_rel":"00:03:42","desfase_s":-1,"seg_video":221,"tiempo_video":"00:03:41","punto_gpx":223,"latitud":-33.003898333333296,"longitud":-68.643973333333307,"elevacion":681.6,"hora_gpx":"2026-07-13T19:51:03Z","imagen":"frames/frame_000221.jpg"},"geometry":{"type":"Point","coordinates":[-68.643973333333307,-33.003898333333296]}},
{"type":"Feature","properties":{"seg_gpx_rel":223,"tiempo_gpx_rel":"00:03:43","desfase_s":-1,"seg_video":222,"tiempo_video":"00:03:42","punto_gpx":224,"latitud":-33.003945,"longitud":-68.64385,"elevacion":682.1,"hora_gpx":"2026-07-13T19:51:04Z","imagen":"frames/frame_000222.jpg"},"geometry":{"type":"Point","coordinates":[-68.64385,-33.003945]}},
{"type":"Feature","properties":{"seg_gpx_rel":224,"tiempo_gpx_rel":"00:03:44","desfase_s":-1,"seg_video":223,"tiempo_video":"00:03:43","punto_gpx":225,"latitud":-33.00399,"longitud":-68.6437283333333,"elevacion":682.1,"hora_gpx":"2026-07-13T19:51:05Z","imagen":"frames/frame_000223.jpg"},"geometry":{"type":"Point","coordinates":[-68.6437283333333,-33.00399]}},
{"type":"Feature","properties":{"seg_gpx_rel":225,"tiempo_gpx_rel":"00:03:45","desfase_s":-1,"seg_video":224,"tiempo_video":"00:03:44","punto_gpx":226,"latitud":-33.004035,"longitud":-68.643606666666699,"elevacion":682.0,"hora_gpx":"2026-07-13T19:51:06Z","imagen":"frames/frame_000224.jpg"},"geometry":{"type":"Point","coordinates":[-68.643606666666699,-33.004035]}},
{"type":"Feature","properties":{"seg_gpx_rel":226,"tiempo_gpx_rel":"00:03:46","desfase_s":-1,"seg_video":225,"tiempo_video":"00:03:45","punto_gpx":227,"latitud":-33.00408,"longitud":-68.643483333333407,"elevacion":681.8,"hora_gpx":"2026-07-13T19:51:07Z","imagen":"frames/frame_000225.jpg"},"geometry":{"type":"Point","coordinates":[-68.643483333333407,-33.00408]}},
{"type":"Feature","properties":{"seg_gpx_rel":227,"tiempo_gpx_rel":"00:03:47","desfase_s":-1,"seg_video":226,"tiempo_video":"00:03:46","punto_gpx":228,"latitud":-33.004125,"longitud":-68.64336,"elevacion":681.6,"hora_gpx":"2026-07-13T19:51:08Z","imagen":"frames/frame_000226.jpg"},"geometry":{"type":"Point","coordinates":[-68.64336,-33.004125]}},
{"type":"Feature","properties":{"seg_gpx_rel":228,"tiempo_gpx_rel":"00:03:48","desfase_s":-1,"seg_video":227,"tiempo_video":"00:03:47","punto_gpx":229,"latitud":-33.004168333333297,"longitud":-68.643238333333301,"elevacion":681.3,"hora_gpx":"2026-07-13T19:51:09Z","imagen":"frames/frame_000227.jpg"},"geometry":{"type":"Point","coordinates":[-68.643238333333301,-33.004168333333297]}},
{"type":"Feature","properties":{"seg_gpx_rel":229,"tiempo_gpx_rel":"00:03:49","desfase_s":-1,"seg_video":228,"tiempo_video":"00:03:48","punto_gpx":230,"latitud":-33.004211666666698,"longitud":-68.643115,"elevacion":681.2,"hora_gpx":"2026-07-13T19:51:10Z","imagen":"frames/frame_000228.jpg"},"geometry":{"type":"Point","coordinates":[-68.643115,-33.004211666666698]}},
{"type":"Feature","properties":{"seg_gpx_rel":230,"tiempo_gpx_rel":"00:03:50","desfase_s":-1,"seg_video":229,"tiempo_video":"00:03:49","punto_gpx":231,"latitud":-33.004256666666699,"longitud":-68.642991666666703,"elevacion":681.0,"hora_gpx":"2026-07-13T19:51:11Z","imagen":"frames/frame_000229.jpg"},"geometry":{"type":"Point","coordinates":[-68.642991666666703,-33.004256666666699]}},
{"type":"Feature","properties":{"seg_gpx_rel":231,"tiempo_gpx_rel":"00:03:51","desfase_s":-1,"seg_video":230,"tiempo_video":"00:03:50","punto_gpx":232,"latitud":-33.004301666666699,"longitud":-68.642868333333297,"elevacion":680.5,"hora_gpx":"2026-07-13T19:51:12Z","imagen":"frames/frame_000230.jpg"},"geometry":{"type":"Point","coordinates":[-68.642868333333297,-33.004301666666699]}},
{"type":"Feature","properties":{"seg_gpx_rel":232,"tiempo_gpx_rel":"00:03:52","desfase_s":-1,"seg_video":231,"tiempo_video":"00:03:51","punto_gpx":233,"latitud":-33.004345,"longitud":-68.642745,"elevacion":680.1,"hora_gpx":"2026-07-13T19:51:13Z","imagen":"frames/frame_000231.jpg"},"geometry":{"type":"Point","coordinates":[-68.642745,-33.004345]}},
{"type":"Feature","properties":{"seg_gpx_rel":233,"tiempo_gpx_rel":"00:03:53","desfase_s":-1,"seg_video":232,"tiempo_video":"00:03:52","punto_gpx":234,"latitud":-33.004391666666699,"longitud":-68.642621666666699,"elevacion":679.7,"hora_gpx":"2026-07-13T19:51:14Z","imagen":"frames/frame_000232.jpg"},"geometry":{"type":"Point","coordinates":[-68.642621666666699,-33.004391666666699]}},
{"type":"Feature","properties":{"seg_gpx_rel":234,"tiempo_gpx_rel":"00:03:54","desfase_s":-1,"seg_video":233,"tiempo_video":"00:03:53","punto_gpx":235,"latitud":-33.004438333333297,"longitud":-68.642496666666702,"elevacion":679.5,"hora_gpx":"2026-07-13T19:51:15Z","imagen":"frames/frame_000233.jpg"},"geometry":{"type":"Point","coordinates":[-68.642496666666702,-33.004438333333297]}},
{"type":"Feature","properties":{"seg_gpx_rel":235,"tiempo_gpx_rel":"00:03:55","desfase_s":-1,"seg_video":234,"tiempo_video":"00:03:54","punto_gpx":236,"latitud":-33.004485,"longitud":-68.642371666666705,"elevacion":679.1,"hora_gpx":"2026-07-13T19:51:16Z","imagen":"frames/frame_000234.jpg"},"geometry":{"type":"Point","coordinates":[-68.642371666666705,-33.004485]}},
{"type":"Feature","properties":{"seg_gpx_rel":236,"tiempo_gpx_rel":"00:03:56","desfase_s":-1,"seg_video":235,"tiempo_video":"00:03:55","punto_gpx":237,"latitud":-33.004533333333299,"longitud":-68.642245,"elevacion":678.7,"hora_gpx":"2026-07-13T19:51:17Z","imagen":"frames/frame_000235.jpg"},"geometry":{"type":"Point","coordinates":[-68.642245,-33.004533333333299]}},
{"type":"Feature","properties":{"seg_gpx_rel":237,"tiempo_gpx_rel":"00:03:57","desfase_s":-1,"seg_video":236,"tiempo_video":"00:03:56","punto_gpx":238,"latitud":-33.004581666666702,"longitud":-68.642116666666695,"elevacion":678.3,"hora_gpx":"2026-07-13T19:51:18Z","imagen":"frames/frame_000236.jpg"},"geometry":{"type":"Point","coordinates":[-68.642116666666695,-33.004581666666702]}},
{"type":"Feature","properties":{"seg_gpx_rel":238,"tiempo_gpx_rel":"00:03:58","desfase_s":-1,"seg_video":237,"tiempo_video":"00:03:57","punto_gpx":239,"latitud":-33.004628333333301,"longitud":-68.641991666666698,"elevacion":678.1,"hora_gpx":"2026-07-13T19:51:19Z","imagen":"frames/frame_000237.jpg"},"geometry":{"type":"Point","coordinates":[-68.641991666666698,-33.004628333333301]}},
{"type":"Feature","properties":{"seg_gpx_rel":239,"tiempo_gpx_rel":"00:03:59","desfase_s":-1,"seg_video":238,"tiempo_video":"00:03:58","punto_gpx":240,"latitud":-33.004676666666697,"longitud":-68.641863333333305,"elevacion":677.9,"hora_gpx":"2026-07-13T19:51:20Z","imagen":"frames/frame_000238.jpg"},"geometry":{"type":"Point","coordinates":[-68.641863333333305,-33.004676666666697]}},
{"type":"Feature","properties":{"seg_gpx_rel":240,"tiempo_gpx_rel":"00:04:00","desfase_s":-1,"seg_video":239,"tiempo_video":"00:03:59","punto_gpx":241,"latitud":-33.004725,"longitud":-68.641735,"elevacion":677.6,"hora_gpx":"2026-07-13T19:51:21Z","imagen":"frames/frame_000239.jpg"},"geometry":{"type":"Point","coordinates":[-68.641735,-33.004725]}},
{"type":"Feature","properties":{"seg_gpx_rel":241,"tiempo_gpx_rel":"00:04:01","desfase_s":-1,"seg_video":240,"tiempo_video":"00:04:00","punto_gpx":242,"latitud":-33.004773333333297,"longitud":-68.641605,"elevacion":677.4,"hora_gpx":"2026-07-13T19:51:22Z","imagen":"frames/frame_000240.jpg"},"geometry":{"type":"Point","coordinates":[-68.641605,-33.004773333333297]}},
{"type":"Feature","properties":{"seg_gpx_rel":242,"tiempo_gpx_rel":"00:04:02","desfase_s":-1,"seg_video":241,"tiempo_video":"00:04:01","punto_gpx":243,"latitud":-33.00482,"longitud":-68.641476666666705,"elevacion":677.0,"hora_gpx":"2026-07-13T19:51:23Z","imagen":"frames/frame_000241.jpg"},"geometry":{"type":"Point","coordinates":[-68.641476666666705,-33.00482]}},
{"type":"Feature","properties":{"seg_gpx_rel":243,"tiempo_gpx_rel":"00:04:03","desfase_s":-1,"seg_video":242,"tiempo_video":"00:04:02","punto_gpx":244,"latitud":-33.004868333333299,"longitud":-68.641348333333298,"elevacion":676.7,"hora_gpx":"2026-07-13T19:51:24Z","imagen":"frames/frame_000242.jpg"},"geometry":{"type":"Point","coordinates":[-68.641348333333298,-33.004868333333299]}},
{"type":"Feature","properties":{"seg_gpx_rel":244,"tiempo_gpx_rel":"00:04:04","desfase_s":-1,"seg_video":243,"tiempo_video":"00:04:03","punto_gpx":245,"latitud":-33.004916666666702,"longitud":-68.641223333333301,"elevacion":676.6,"hora_gpx":"2026-07-13T19:51:25Z","imagen":"frames/frame_000243.jpg"},"geometry":{"type":"Point","coordinates":[-68.641223333333301,-33.004916666666702]}},
{"type":"Feature","properties":{"seg_gpx_rel":245,"tiempo_gpx_rel":"00:04:05","desfase_s":-1,"seg_video":244,"tiempo_video":"00:04:04","punto_gpx":246,"latitud":-33.004965,"longitud":-68.641096666666698,"elevacion":676.3,"hora_gpx":"2026-07-13T19:51:26Z","imagen":"frames/frame_000244.jpg"},"geometry":{"type":"Point","coordinates":[-68.641096666666698,-33.004965]}},
{"type":"Feature","properties":{"seg_gpx_rel":246,"tiempo_gpx_rel":"00:04:06","desfase_s":-1,"seg_video":245,"tiempo_video":"00:04:05","punto_gpx":247,"latitud":-33.005015,"longitud":-68.640971666666701,"elevacion":675.9,"hora_gpx":"2026-07-13T19:51:27Z","imagen":"frames/frame_000245.jpg"},"geometry":{"type":"Point","coordinates":[-68.640971666666701,-33.005015]}},
{"type":"Feature","properties":{"seg_gpx_rel":247,"tiempo_gpx_rel":"00:04:07","desfase_s":-1,"seg_video":246,"tiempo_video":"00:04:06","punto_gpx":248,"latitud":-33.00506,"longitud":-68.640846666666704,"elevacion":675.6,"hora_gpx":"2026-07-13T19:51:28Z","imagen":"frames/frame_000246.jpg"},"geometry":{"type":"Point","coordinates":[-68.640846666666704,-33.00506]}},
{"type":"Feature","properties":{"seg_gpx_rel":248,"tiempo_gpx_rel":"00:04:08","desfase_s":-1,"seg_video":247,"tiempo_video":"00:04:07","punto_gpx":249,"latitud":-33.005105,"longitud":-68.640721666666707,"elevacion":675.2,"hora_gpx":"2026-07-13T19:51:29Z","imagen":"frames/frame_000247.jpg"},"geometry":{"type":"Point","coordinates":[-68.640721666666707,-33.005105]}},
{"type":"Feature","properties":{"seg_gpx_rel":249,"tiempo_gpx_rel":"00:04:09","desfase_s":-1,"seg_video":248,"tiempo_video":"00:04:08","punto_gpx":250,"latitud":-33.005148333333302,"longitud":-68.640596666666696,"elevacion":674.9,"hora_gpx":"2026-07-13T19:51:30Z","imagen":"frames/frame_000248.jpg"},"geometry":{"type":"Point","coordinates":[-68.640596666666696,-33.005148333333302]}},
{"type":"Feature","properties":{"seg_gpx_rel":250,"tiempo_gpx_rel":"00:04:10","desfase_s":-1,"seg_video":249,"tiempo_video":"00:04:09","punto_gpx":251,"latitud":-33.005193333333303,"longitud":-68.640471666666699,"elevacion":675.2,"hora_gpx":"2026-07-13T19:51:31Z","imagen":"frames/frame_000249.jpg"},"geometry":{"type":"Point","coordinates":[-68.640471666666699,-33.005193333333303]}},
{"type":"Feature","properties":{"seg_gpx_rel":251,"tiempo_gpx_rel":"00:04:11","desfase_s":-1,"seg_video":250,"tiempo_video":"00:04:10","punto_gpx":252,"latitud":-33.005235,"longitud":-68.640348333333307,"elevacion":675.1,"hora_gpx":"2026-07-13T19:51:32Z","imagen":"frames/frame_000250.jpg"},"geometry":{"type":"Point","coordinates":[-68.640348333333307,-33.005235]}},
{"type":"Feature","properties":{"seg_gpx_rel":252,"tiempo_gpx_rel":"00:04:12","desfase_s":-1,"seg_video":251,"tiempo_video":"00:04:11","punto_gpx":253,"latitud":-33.005276666666703,"longitud":-68.640226666666706,"elevacion":675.0,"hora_gpx":"2026-07-13T19:51:33Z","imagen":"frames/frame_000251.jpg"},"geometry":{"type":"Point","coordinates":[-68.640226666666706,-33.005276666666703]}},
{"type":"Feature","properties":{"seg_gpx_rel":253,"tiempo_gpx_rel":"00:04:13","desfase_s":-1,"seg_video":252,"tiempo_video":"00:04:12","punto_gpx":254,"latitud":-33.005316666666701,"longitud":-68.640105,"elevacion":675.9,"hora_gpx":"2026-07-13T19:51:34Z","imagen":"frames/frame_000252.jpg"},"geometry":{"type":"Point","coordinates":[-68.640105,-33.005316666666701]}},
{"type":"Feature","properties":{"seg_gpx_rel":254,"tiempo_gpx_rel":"00:04:14","desfase_s":-1,"seg_video":253,"tiempo_video":"00:04:13","punto_gpx":255,"latitud":-33.0053566666667,"longitud":-68.639986666666701,"elevacion":676.3,"hora_gpx":"2026-07-13T19:51:35Z","imagen":"frames/frame_000253.jpg"},"geometry":{"type":"Point","coordinates":[-68.639986666666701,-33.0053566666667]}},
{"type":"Feature","properties":{"seg_gpx_rel":255,"tiempo_gpx_rel":"00:04:15","desfase_s":-1,"seg_video":254,"tiempo_video":"00:04:14","punto_gpx":256,"latitud":-33.005393333333302,"longitud":-68.63987,"elevacion":676.2,"hora_gpx":"2026-07-13T19:51:36Z","imagen":"frames/frame_000254.jpg"},"geometry":{"type":"Point","coordinates":[-68.63987,-33.005393333333302]}},
{"type":"Feature","properties":{"seg_gpx_rel":256,"tiempo_gpx_rel":"00:04:16","desfase_s":-1,"seg_video":255,"tiempo_video":"00:04:15","punto_gpx":257,"latitud":-33.00543,"longitud":-68.639755,"elevacion":676.3,"hora_gpx":"2026-07-13T19:51:37Z","imagen":"frames/frame_000255.jpg"},"geometry":{"type":"Point","coordinates":[-68.639755,-33.00543]}},
{"type":"Feature","properties":{"seg_gpx_rel":257,"tiempo_gpx_rel":"00:04:17","desfase_s":-1,"seg_video":256,"tiempo_video":"00:04:16","punto_gpx":258,"latitud":-33.005468333333297,"longitud":-68.63964,"elevacion":676.4,"hora_gpx":"2026-07-13T19:51:38Z","imagen":"frames/frame_000256.jpg"},"geometry":{"type":"Point","coordinates":[-68.63964,-33.005468333333297]}},
{"type":"Feature","properties":{"seg_gpx_rel":258,"tiempo_gpx_rel":"00:04:18","desfase_s":-1,"seg_video":257,"tiempo_video":"00:04:17","punto_gpx":259,"latitud":-33.005506666666697,"longitud":-68.639523333333301,"elevacion":676.5,"hora_gpx":"2026-07-13T19:51:39Z","imagen":"frames/frame_000257.jpg"},"geometry":{"type":"Point","coordinates":[-68.639523333333301,-33.005506666666697]}},
{"type":"Feature","properties":{"seg_gpx_rel":259,"tiempo_gpx_rel":"00:04:19","desfase_s":-1,"seg_video":258,"tiempo_video":"00:04:18","punto_gpx":260,"latitud":-33.005548333333302,"longitud":-68.639403333333306,"elevacion":676.4,"hora_gpx":"2026-07-13T19:51:40Z","imagen":"frames/frame_000258.jpg"},"geometry":{"type":"Point","coordinates":[-68.639403333333306,-33.005548333333302]}},
{"type":"Feature","properties":{"seg_gpx_rel":260,"tiempo_gpx_rel":"00:04:20","desfase_s":-1,"seg_video":259,"tiempo_video":"00:04:19","punto_gpx":261,"latitud":-33.005591666666703,"longitud":-68.63928,"elevacion":676.5,"hora_gpx":"2026-07-13T19:51:41Z","imagen":"frames/frame_000259.jpg"},"geometry":{"type":"Point","coordinates":[-68.63928,-33.005591666666703]}},
{"type":"Feature","properties":{"seg_gpx_rel":261,"tiempo_gpx_rel":"00:04:21","desfase_s":-1,"seg_video":260,"tiempo_video":"00:04:20","punto_gpx":262,"latitud":-33.005638333333302,"longitud":-68.639151666666706,"elevacion":676.3,"hora_gpx":"2026-07-13T19:51:42Z","imagen":"frames/frame_000260.jpg"},"geometry":{"type":"Point","coordinates":[-68.639151666666706,-33.005638333333302]}},
{"type":"Feature","properties":{"seg_gpx_rel":262,"tiempo_gpx_rel":"00:04:22","desfase_s":-1,"seg_video":261,"tiempo_video":"00:04:21","punto_gpx":263,"latitud":-33.005685,"longitud":-68.639023333333299,"elevacion":676.1,"hora_gpx":"2026-07-13T19:51:43Z","imagen":"frames/frame_000261.jpg"},"geometry":{"type":"Point","coordinates":[-68.639023333333299,-33.005685]}},
{"type":"Feature","properties":{"seg_gpx_rel":263,"tiempo_gpx_rel":"00:04:23","desfase_s":-1,"seg_video":262,"tiempo_video":"00:04:22","punto_gpx":264,"latitud":-33.005731666666698,"longitud":-68.63889,"elevacion":676.0,"hora_gpx":"2026-07-13T19:51:44Z","imagen":"frames/frame_000262.jpg"},"geometry":{"type":"Point","coordinates":[-68.63889,-33.005731666666698]}},
{"type":"Feature","properties":{"seg_gpx_rel":264,"tiempo_gpx_rel":"00:04:24","desfase_s":-1,"seg_video":263,"tiempo_video":"00:04:23","punto_gpx":265,"latitud":-33.005778333333303,"longitud":-68.638756666666694,"elevacion":675.9,"hora_gpx":"2026-07-13T19:51:45Z","imagen":"frames/frame_000263.jpg"},"geometry":{"type":"Point","coordinates":[-68.638756666666694,-33.005778333333303]}},
{"type":"Feature","properties":{"seg_gpx_rel":265,"tiempo_gpx_rel":"00:04:25","desfase_s":-1,"seg_video":264,"tiempo_video":"00:04:24","punto_gpx":266,"latitud":-33.005828333333298,"longitud":-68.63862,"elevacion":675.5,"hora_gpx":"2026-07-13T19:51:46Z","imagen":"frames/frame_000264.jpg"},"geometry":{"type":"Point","coordinates":[-68.63862,-33.005828333333298]}},
{"type":"Feature","properties":{"seg_gpx_rel":266,"tiempo_gpx_rel":"00:04:26","desfase_s":-1,"seg_video":265,"tiempo_video":"00:04:25","punto_gpx":267,"latitud":-33.00588,"longitud":-68.63848,"elevacion":675.2,"hora_gpx":"2026-07-13T19:51:47Z","imagen":"frames/frame_000265.jpg"},"geometry":{"type":"Point","coordinates":[-68.63848,-33.00588]}},
{"type":"Feature","properties":{"seg_gpx_rel":267,"tiempo_gpx_rel":"00:04:27","desfase_s":-1,"seg_video":266,"tiempo_video":"00:04:26","punto_gpx":268,"latitud":-33.005931666666697,"longitud":-68.638338333333294,"elevacion":675.0,"hora_gpx":"2026-07-13T19:51:48Z","imagen":"frames/frame_000266.jpg"},"geometry":{"type":"Point","coordinates":[-68.638338333333294,-33.005931666666697]}},
{"type":"Feature","properties":{"seg_gpx_rel":268,"tiempo_gpx_rel":"00:04:28","desfase_s":-1,"seg_video":267,"tiempo_video":"00:04:27","punto_gpx":269,"latitud":-33.005983333333297,"longitud":-68.638195,"elevacion":674.9,"hora_gpx":"2026-07-13T19:51:49Z","imagen":"frames/frame_000267.jpg"},"geometry":{"type":"Point","coordinates":[-68.638195,-33.005983333333297]}},
{"type":"Feature","properties":{"seg_gpx_rel":269,"tiempo_gpx_rel":"00:04:29","desfase_s":-1,"seg_video":268,"tiempo_video":"00:04:28","punto_gpx":270,"latitud":-33.006033333333299,"longitud":-68.638051666666698,"elevacion":674.7,"hora_gpx":"2026-07-13T19:51:50Z","imagen":"frames/frame_000268.jpg"},"geometry":{"type":"Point","coordinates":[-68.638051666666698,-33.006033333333299]}},
{"type":"Feature","properties":{"seg_gpx_rel":270,"tiempo_gpx_rel":"00:04:30","desfase_s":-1,"seg_video":269,"tiempo_video":"00:04:29","punto_gpx":271,"latitud":-33.006085,"longitud":-68.6379083333333,"elevacion":674.6,"hora_gpx":"2026-07-13T19:51:51Z","imagen":"frames/frame_000269.jpg"},"geometry":{"type":"Point","coordinates":[-68.6379083333333,-33.006085]}},
{"type":"Feature","properties":{"seg_gpx_rel":271,"tiempo_gpx_rel":"00:04:31","desfase_s":-1,"seg_video":270,"tiempo_video":"00:04:30","punto_gpx":272,"latitud":-33.006136666666698,"longitud":-68.637766666666707,"elevacion":674.5,"hora_gpx":"2026-07-13T19:51:52Z","imagen":"frames/frame_000270.jpg"},"geometry":{"type":"Point","coordinates":[-68.637766666666707,-33.006136666666698]}},
{"type":"Feature","properties":{"seg_gpx_rel":272,"tiempo_gpx_rel":"00:04:32","desfase_s":-1,"seg_video":271,"tiempo_video":"00:04:31","punto_gpx":273,"latitud":-33.006188333333299,"longitud":-68.637625,"elevacion":674.4,"hora_gpx":"2026-07-13T19:51:53Z","imagen":"frames/frame_000271.jpg"},"geometry":{"type":"Point","coordinates":[-68.637625,-33.006188333333299]}},
{"type":"Feature","properties":{"seg_gpx_rel":273,"tiempo_gpx_rel":"00:04:33","desfase_s":-1,"seg_video":272,"tiempo_video":"00:04:32","punto_gpx":274,"latitud":-33.00624,"longitud":-68.637481666666702,"elevacion":674.5,"hora_gpx":"2026-07-13T19:51:54Z","imagen":"frames/frame_000272.jpg"},"geometry":{"type":"Point","coordinates":[-68.637481666666702,-33.00624]}},
{"type":"Feature","properties":{"seg_gpx_rel":274,"tiempo_gpx_rel":"00:04:34","desfase_s":-1,"seg_video":273,"tiempo_video":"00:04:33","punto_gpx":275,"latitud":-33.00629,"longitud":-68.63734,"elevacion":674.4,"hora_gpx":"2026-07-13T19:51:55Z","imagen":"frames/frame_000273.jpg"},"geometry":{"type":"Point","coordinates":[-68.63734,-33.00629]}},
{"type":"Feature","properties":{"seg_gpx_rel":275,"tiempo_gpx_rel":"00:04:35","desfase_s":-1,"seg_video":274,"tiempo_video":"00:04:34","punto_gpx":276,"latitud":-33.0063416666667,"longitud":-68.637198333333302,"elevacion":674.3,"hora_gpx":"2026-07-13T19:51:56Z","imagen":"frames/frame_000274.jpg"},"geometry":{"type":"Point","coordinates":[-68.637198333333302,-33.0063416666667]}},
{"type":"Feature","properties":{"seg_gpx_rel":276,"tiempo_gpx_rel":"00:04:36","desfase_s":-1,"seg_video":275,"tiempo_video":"00:04:35","punto_gpx":277,"latitud":-33.006391666666701,"longitud":-68.637056666666695,"elevacion":674.2,"hora_gpx":"2026-07-13T19:51:57Z","imagen":"frames/frame_000275.jpg"},"geometry":{"type":"Point","coordinates":[-68.637056666666695,-33.006391666666701]}},
{"type":"Feature","properties":{"seg_gpx_rel":277,"tiempo_gpx_rel":"00:04:37","desfase_s":-1,"seg_video":276,"tiempo_video":"00:04:36","punto_gpx":278,"latitud":-33.006443333333301,"longitud":-68.636915,"elevacion":674.1,"hora_gpx":"2026-07-13T19:51:58Z","imagen":"frames/frame_000276.jpg"},"geometry":{"type":"Point","coordinates":[-68.636915,-33.006443333333301]}},
{"type":"Feature","properties":{"seg_gpx_rel":278,"tiempo_gpx_rel":"00:04:38","desfase_s":-1,"seg_video":277,"tiempo_video":"00:04:37","punto_gpx":279,"latitud":-33.006493333333303,"longitud":-68.636773333333295,"elevacion":674.1,"hora_gpx":"2026-07-13T19:51:59Z","imagen":"frames/frame_000277.jpg"},"geometry":{"type":"Point","coordinates":[-68.636773333333295,-33.006493333333303]}},
{"type":"Feature","properties":{"seg_gpx_rel":279,"tiempo_gpx_rel":"00:04:39","desfase_s":-1,"seg_video":278,"tiempo_video":"00:04:38","punto_gpx":280,"latitud":-33.006546666666701,"longitud":-68.636631666666702,"elevacion":674.1,"hora_gpx":"2026-07-13T19:52:00Z","imagen":"frames/frame_000278.jpg"},"geometry":{"type":"Point","coordinates":[-68.636631666666702,-33.006546666666701]}},
{"type":"Feature","properties":{"seg_gpx_rel":280,"tiempo_gpx_rel":"00:04:40","desfase_s":-1,"seg_video":279,"tiempo_video":"00:04:39","punto_gpx":281,"latitud":-33.006596666666702,"longitud":-68.63649,"elevacion":674.2,"hora_gpx":"2026-07-13T19:52:01Z","imagen":"frames/frame_000279.jpg"},"geometry":{"type":"Point","coordinates":[-68.63649,-33.006596666666702]}},
{"type":"Feature","properties":{"seg_gpx_rel":281,"tiempo_gpx_rel":"00:04:41","desfase_s":-1,"seg_video":280,"tiempo_video":"00:04:40","punto_gpx":282,"latitud":-33.006646666666697,"longitud":-68.636351666666698,"elevacion":674.3,"hora_gpx":"2026-07-13T19:52:02Z","imagen":"frames/frame_000280.jpg"},"geometry":{"type":"Point","coordinates":[-68.636351666666698,-33.006646666666697]}},
{"type":"Feature","properties":{"seg_gpx_rel":282,"tiempo_gpx_rel":"00:04:42","desfase_s":-1,"seg_video":281,"tiempo_video":"00:04:41","punto_gpx":283,"latitud":-33.006695,"longitud":-68.636215,"elevacion":674.3,"hora_gpx":"2026-07-13T19:52:03Z","imagen":"frames/frame_000281.jpg"},"geometry":{"type":"Point","coordinates":[-68.636215,-33.006695]}},
{"type":"Feature","properties":{"seg_gpx_rel":283,"tiempo_gpx_rel":"00:04:43","desfase_s":-1,"seg_video":282,"tiempo_video":"00:04:42","punto_gpx":284,"latitud":-33.006741666666699,"longitud":-68.636078333333302,"elevacion":674.4,"hora_gpx":"2026-07-13T19:52:04Z","imagen":"frames/frame_000282.jpg"},"geometry":{"type":"Point","coordinates":[-68.636078333333302,-33.006741666666699]}},
{"type":"Feature","properties":{"seg_gpx_rel":284,"tiempo_gpx_rel":"00:04:44","desfase_s":-1,"seg_video":283,"tiempo_video":"00:04:43","punto_gpx":285,"latitud":-33.00679,"longitud":-68.635941666666696,"elevacion":674.5,"hora_gpx":"2026-07-13T19:52:05Z","imagen":"frames/frame_000283.jpg"},"geometry":{"type":"Point","coordinates":[-68.635941666666696,-33.00679]}},
{"type":"Feature","properties":{"seg_gpx_rel":285,"tiempo_gpx_rel":"00:04:45","desfase_s":-1,"seg_video":284,"tiempo_video":"00:04:44","punto_gpx":286,"latitud":-33.00684,"longitud":-68.6358033333333,"elevacion":674.4,"hora_gpx":"2026-07-13T19:52:06Z","imagen":"frames/frame_000284.jpg"},"geometry":{"type":"Point","coordinates":[-68.6358033333333,-33.00684]}},
{"type":"Feature","properties":{"seg_gpx_rel":286,"tiempo_gpx_rel":"00:04:46","desfase_s":-1,"seg_video":285,"tiempo_video":"00:04:45","punto_gpx":287,"latitud":-33.006888333333301,"longitud":-68.635663333333298,"elevacion":674.3,"hora_gpx":"2026-07-13T19:52:07Z","imagen":"frames/frame_000285.jpg"},"geometry":{"type":"Point","coordinates":[-68.635663333333298,-33.006888333333301]}},
{"type":"Feature","properties":{"seg_gpx_rel":287,"tiempo_gpx_rel":"00:04:47","desfase_s":-1,"seg_video":286,"tiempo_video":"00:04:46","punto_gpx":288,"latitud":-33.006938333333302,"longitud":-68.635523333333296,"elevacion":674.2,"hora_gpx":"2026-07-13T19:52:08Z","imagen":"frames/frame_000286.jpg"},"geometry":{"type":"Point","coordinates":[-68.635523333333296,-33.006938333333302]}},
{"type":"Feature","properties":{"seg_gpx_rel":288,"tiempo_gpx_rel":"00:04:48","desfase_s":-1,"seg_video":287,"tiempo_video":"00:04:47","punto_gpx":289,"latitud":-33.006988333333297,"longitud":-68.635386666666705,"elevacion":673.8,"hora_gpx":"2026-07-13T19:52:09Z","imagen":"frames/frame_000287.jpg"},"geometry":{"type":"Point","coordinates":[-68.635386666666705,-33.006988333333297]}},
{"type":"Feature","properties":{"seg_gpx_rel":289,"tiempo_gpx_rel":"00:04:49","desfase_s":-1,"seg_video":288,"tiempo_video":"00:04:48","punto_gpx":290,"latitud":-33.0070366666667,"longitud":-68.635248333333294,"elevacion":673.4,"hora_gpx":"2026-07-13T19:52:10Z","imagen":"frames/frame_000288.jpg"},"geometry":{"type":"Point","coordinates":[-68.635248333333294,-33.0070366666667]}},
{"type":"Feature","properties":{"seg_gpx_rel":290,"tiempo_gpx_rel":"00:04:50","desfase_s":-1,"seg_video":289,"tiempo_video":"00:04:49","punto_gpx":291,"latitud":-33.00709,"longitud":-68.635108333333307,"elevacion":673.3,"hora_gpx":"2026-07-13T19:52:11Z","imagen":"frames/frame_000289.jpg"},"geometry":{"type":"Point","coordinates":[-68.635108333333307,-33.00709]}},
{"type":"Feature","properties":{"seg_gpx_rel":291,"tiempo_gpx_rel":"00:04:51","desfase_s":-1,"seg_video":290,"tiempo_video":"00:04:50","punto_gpx":292,"latitud":-33.007143333333303,"longitud":-68.634966666666699,"elevacion":673.5,"hora_gpx":"2026-07-13T19:52:12Z","imagen":"frames/frame_000290.jpg"},"geometry":{"type":"Point","coordinates":[-68.634966666666699,-33.007143333333303]}},
{"type":"Feature","properties":{"seg_gpx_rel":292,"tiempo_gpx_rel":"00:04:52","desfase_s":-1,"seg_video":291,"tiempo_video":"00:04:51","punto_gpx":293,"latitud":-33.007193333333298,"longitud":-68.634828333333303,"elevacion":673.5,"hora_gpx":"2026-07-13T19:52:13Z","imagen":"frames/frame_000291.jpg"},"geometry":{"type":"Point","coordinates":[-68.634828333333303,-33.007193333333298]}},
{"type":"Feature","properties":{"seg_gpx_rel":293,"tiempo_gpx_rel":"00:04:53","desfase_s":-1,"seg_video":292,"tiempo_video":"00:04:52","punto_gpx":294,"latitud":-33.007245,"longitud":-68.634691666666697,"elevacion":673.7,"hora_gpx":"2026-07-13T19:52:14Z","imagen":"frames/frame_000292.jpg"},"geometry":{"type":"Point","coordinates":[-68.634691666666697,-33.007245]}},
{"type":"Feature","properties":{"seg_gpx_rel":294,"tiempo_gpx_rel":"00:04:54","desfase_s":-1,"seg_video":293,"tiempo_video":"00:04:53","punto_gpx":295,"latitud":-33.007291666666703,"longitud":-68.634558333333302,"elevacion":673.6,"hora_gpx":"2026-07-13T19:52:15Z","imagen":"frames/frame_000293.jpg"},"geometry":{"type":"Point","coordinates":[-68.634558333333302,-33.007291666666703]}},
{"type":"Feature","properties":{"seg_gpx_rel":295,"tiempo_gpx_rel":"00:04:55","desfase_s":-1,"seg_video":294,"tiempo_video":"00:04:54","punto_gpx":296,"latitud":-33.007338333333301,"longitud":-68.634423333333302,"elevacion":673.5,"hora_gpx":"2026-07-13T19:52:16Z","imagen":"frames/frame_000294.jpg"},"geometry":{"type":"Point","coordinates":[-68.634423333333302,-33.007338333333301]}},
{"type":"Feature","properties":{"seg_gpx_rel":296,"tiempo_gpx_rel":"00:04:56","desfase_s":-1,"seg_video":295,"tiempo_video":"00:04:55","punto_gpx":297,"latitud":-33.007386666666697,"longitud":-68.634286666666696,"elevacion":673.2,"hora_gpx":"2026-07-13T19:52:17Z","imagen":"frames/frame_000295.jpg"},"geometry":{"type":"Point","coordinates":[-68.634286666666696,-33.007386666666697]}},
{"type":"Feature","properties":{"seg_gpx_rel":297,"tiempo_gpx_rel":"00:04:57","desfase_s":-1,"seg_video":296,"tiempo_video":"00:04:56","punto_gpx":298,"latitud":-33.007433333333303,"longitud":-68.63415,"elevacion":673.2,"hora_gpx":"2026-07-13T19:52:18Z","imagen":"frames/frame_000296.jpg"},"geometry":{"type":"Point","coordinates":[-68.63415,-33.007433333333303]}},
{"type":"Feature","properties":{"seg_gpx_rel":298,"tiempo_gpx_rel":"00:04:58","desfase_s":-1,"seg_video":297,"tiempo_video":"00:04:57","punto_gpx":299,"latitud":-33.00748,"longitud":-68.634015,"elevacion":672.9,"hora_gpx":"2026-07-13T19:52:19Z","imagen":"frames/frame_000297.jpg"},"geometry":{"type":"Point","coordinates":[-68.634015,-33.00748]}},
{"type":"Feature","properties":{"seg_gpx_rel":299,"tiempo_gpx_rel":"00:04:59","desfase_s":-1,"seg_video":298,"tiempo_video":"00:04:58","punto_gpx":300,"latitud":-33.007528333333298,"longitud":-68.63388,"elevacion":672.7,"hora_gpx":"2026-07-13T19:52:20Z","imagen":"frames/frame_000298.jpg"},"geometry":{"type":"Point","coordinates":[-68.63388,-33.007528333333298]}},
{"type":"Feature","properties":{"seg_gpx_rel":300,"tiempo_gpx_rel":"00:05:00","desfase_s":-1,"seg_video":299,"tiempo_video":"00:04:59","punto_gpx":301,"latitud":-33.007575,"longitud":-68.633748333333301,"elevacion":672.3,"hora_gpx":"2026-07-13T19:52:21Z","imagen":"frames/frame_000299.jpg"},"geometry":{"type":"Point","coordinates":[-68.633748333333301,-33.007575]}},
{"type":"Feature","properties":{"seg_gpx_rel":301,"tiempo_gpx_rel":"00:05:01","desfase_s":-1,"seg_video":300,"tiempo_video":"00:05:00","punto_gpx":302,"latitud":-33.007621666666701,"longitud":-68.63362,"elevacion":672.1,"hora_gpx":"2026-07-13T19:52:22Z","imagen":"frames/frame_000300.jpg"},"geometry":{"type":"Point","coordinates":[-68.63362,-33.007621666666701]}},
{"type":"Feature","properties":{"seg_gpx_rel":302,"tiempo_gpx_rel":"00:05:02","desfase_s":-1,"seg_video":301,"tiempo_video":"00:05:01","punto_gpx":303,"latitud":-33.007665,"longitud":-68.633503333333294,"elevacion":671.9,"hora_gpx":"2026-07-13T19:52:23Z","imagen":"frames/frame_000301.jpg"},"geometry":{"type":"Point","coordinates":[-68.633503333333294,-33.007665]}},
{"type":"Feature","properties":{"seg_gpx_rel":303,"tiempo_gpx_rel":"00:05:03","desfase_s":-1,"seg_video":302,"tiempo_video":"00:05:02","punto_gpx":304,"latitud":-33.007706666666699,"longitud":-68.6334,"elevacion":672.4,"hora_gpx":"2026-07-13T19:52:24Z","imagen":"frames/frame_000302.jpg"},"geometry":{"type":"Point","coordinates":[-68.6334,-33.007706666666699]}},
{"type":"Feature","properties":{"seg_gpx_rel":304,"tiempo_gpx_rel":"00:05:04","desfase_s":-1,"seg_video":303,"tiempo_video":"00:05:03","punto_gpx":305,"latitud":-33.007746666666698,"longitud":-68.633308333333304,"elevacion":672.2,"hora_gpx":"2026-07-13T19:52:25Z","imagen":"frames/frame_000303.jpg"},"geometry":{"type":"Point","coordinates":[-68.633308333333304,-33.007746666666698]}},
{"type":"Feature","properties":{"seg_gpx_rel":305,"tiempo_gpx_rel":"00:05:05","desfase_s":-1,"seg_video":304,"tiempo_video":"00:05:04","punto_gpx":306,"latitud":-33.007781666666702,"longitud":-68.633225,"elevacion":672.1,"hora_gpx":"2026-07-13T19:52:26Z","imagen":"frames/frame_000304.jpg"},"geometry":{"type":"Point","coordinates":[-68.633225,-33.007781666666702]}},
{"type":"Feature","properties":{"seg_gpx_rel":306,"tiempo_gpx_rel":"00:05:06","desfase_s":-1,"seg_video":305,"tiempo_video":"00:05:05","punto_gpx":307,"latitud":-33.007813333333303,"longitud":-68.633145,"elevacion":672.2,"hora_gpx":"2026-07-13T19:52:27Z","imagen":"frames/frame_000305.jpg"},"geometry":{"type":"Point","coordinates":[-68.633145,-33.007813333333303]}},
{"type":"Feature","properties":{"seg_gpx_rel":307,"tiempo_gpx_rel":"00:05:07","desfase_s":-1,"seg_video":306,"tiempo_video":"00:05:06","punto_gpx":308,"latitud":-33.007845,"longitud":-68.63307,"elevacion":672.3,"hora_gpx":"2026-07-13T19:52:28Z","imagen":"frames/frame_000306.jpg"},"geometry":{"type":"Point","coordinates":[-68.63307,-33.007845]}},
{"type":"Feature","properties":{"seg_gpx_rel":308,"tiempo_gpx_rel":"00:05:08","desfase_s":-1,"seg_video":307,"tiempo_video":"00:05:07","punto_gpx":309,"latitud":-33.007871666666702,"longitud":-68.632998333333305,"elevacion":672.5,"hora_gpx":"2026-07-13T19:52:29Z","imagen":"frames/frame_000307.jpg"},"geometry":{"type":"Point","coordinates":[-68.632998333333305,-33.007871666666702]}},
{"type":"Feature","properties":{"seg_gpx_rel":309,"tiempo_gpx_rel":"00:05:09","desfase_s":-1,"seg_video":308,"tiempo_video":"00:05:08","punto_gpx":310,"latitud":-33.007898333333301,"longitud":-68.63293,"elevacion":672.4,"hora_gpx":"2026-07-13T19:52:30Z","imagen":"frames/frame_000308.jpg"},"geometry":{"type":"Point","coordinates":[-68.63293,-33.007898333333301]}},
{"type":"Feature","properties":{"seg_gpx_rel":310,"tiempo_gpx_rel":"00:05:10","desfase_s":-1,"seg_video":309,"tiempo_video":"00:05:09","punto_gpx":311,"latitud":-33.007925,"longitud":-68.632863333333304,"elevacion":672.5,"hora_gpx":"2026-07-13T19:52:31Z","imagen":"frames/frame_000309.jpg"},"geometry":{"type":"Point","coordinates":[-68.632863333333304,-33.007925]}},
{"type":"Feature","properties":{"seg_gpx_rel":311,"tiempo_gpx_rel":"00:05:11","desfase_s":-1,"seg_video":310,"tiempo_video":"00:05:10","punto_gpx":312,"latitud":-33.007948333333303,"longitud":-68.6328,"elevacion":672.3,"hora_gpx":"2026-07-13T19:52:32Z","imagen":"frames/frame_000310.jpg"},"geometry":{"type":"Point","coordinates":[-68.6328,-33.007948333333303]}},
{"type":"Feature","properties":{"seg_gpx_rel":312,"tiempo_gpx_rel":"00:05:12","desfase_s":-1,"seg_video":311,"tiempo_video":"00:05:11","punto_gpx":313,"latitud":-33.007968333333302,"longitud":-68.632738333333293,"elevacion":671.8,"hora_gpx":"2026-07-13T19:52:33Z","imagen":"frames/frame_000311.jpg"},"geometry":{"type":"Point","coordinates":[-68.632738333333293,-33.007968333333302]}},
{"type":"Feature","properties":{"seg_gpx_rel":313,"tiempo_gpx_rel":"00:05:13","desfase_s":-1,"seg_video":312,"tiempo_video":"00:05:12","punto_gpx":314,"latitud":-33.00799,"longitud":-68.632675,"elevacion":671.9,"hora_gpx":"2026-07-13T19:52:34Z","imagen":"frames/frame_000312.jpg"},"geometry":{"type":"Point","coordinates":[-68.632675,-33.00799]}},
{"type":"Feature","properties":{"seg_gpx_rel":314,"tiempo_gpx_rel":"00:05:14","desfase_s":-1,"seg_video":313,"tiempo_video":"00:05:13","punto_gpx":315,"latitud":-33.008008333333301,"longitud":-68.632613333333296,"elevacion":671.9,"hora_gpx":"2026-07-13T19:52:35Z","imagen":"frames/frame_000313.jpg"},"geometry":{"type":"Point","coordinates":[-68.632613333333296,-33.008008333333301]}},
{"type":"Feature","properties":{"seg_gpx_rel":315,"tiempo_gpx_rel":"00:05:15","desfase_s":-1,"seg_video":314,"tiempo_video":"00:05:14","punto_gpx":316,"latitud":-33.0080283333333,"longitud":-68.63255,"elevacion":671.6,"hora_gpx":"2026-07-13T19:52:36Z","imagen":"frames/frame_000314.jpg"},"geometry":{"type":"Point","coordinates":[-68.63255,-33.0080283333333]}},
{"type":"Feature","properties":{"seg_gpx_rel":316,"tiempo_gpx_rel":"00:05:16","desfase_s":-1,"seg_video":315,"tiempo_video":"00:05:15","punto_gpx":317,"latitud":-33.00805,"longitud":-68.632486666666694,"elevacion":671.4,"hora_gpx":"2026-07-13T19:52:37Z","imagen":"frames/frame_000315.jpg"},"geometry":{"type":"Point","coordinates":[-68.632486666666694,-33.00805]}},
{"type":"Feature","properties":{"seg_gpx_rel":317,"tiempo_gpx_rel":"00:05:17","desfase_s":-1,"seg_video":316,"tiempo_video":"00:05:16","punto_gpx":318,"latitud":-33.008075,"longitud":-68.63242,"elevacion":671.3,"hora_gpx":"2026-07-13T19:52:38Z","imagen":"frames/frame_000316.jpg"},"geometry":{"type":"Point","coordinates":[-68.63242,-33.008075]}},
{"type":"Feature","properties":{"seg_gpx_rel":318,"tiempo_gpx_rel":"00:05:18","desfase_s":-1,"seg_video":317,"tiempo_video":"00:05:17","punto_gpx":319,"latitud":-33.0081,"longitud":-68.632353333333299,"elevacion":671.2,"hora_gpx":"2026-07-13T19:52:39Z","imagen":"frames/frame_000317.jpg"},"geometry":{"type":"Point","coordinates":[-68.632353333333299,-33.0081]}},
{"type":"Feature","properties":{"seg_gpx_rel":319,"tiempo_gpx_rel":"00:05:19","desfase_s":-1,"seg_video":318,"tiempo_video":"00:05:18","punto_gpx":320,"latitud":-33.008125,"longitud":-68.632285,"elevacion":671.2,"hora_gpx":"2026-07-13T19:52:40Z","imagen":"frames/frame_000318.jpg"},"geometry":{"type":"Point","coordinates":[-68.632285,-33.008125]}},
{"type":"Feature","properties":{"seg_gpx_rel":320,"tiempo_gpx_rel":"00:05:20","desfase_s":-1,"seg_video":319,"tiempo_video":"00:05:19","punto_gpx":321,"latitud":-33.008148333333303,"longitud":-68.63222,"elevacion":671.2,"hora_gpx":"2026-07-13T19:52:41Z","imagen":"frames/frame_000319.jpg"},"geometry":{"type":"Point","coordinates":[-68.63222,-33.008148333333303]}},
{"type":"Feature","properties":{"seg_gpx_rel":321,"tiempo_gpx_rel":"00:05:21","desfase_s":-1,"seg_video":320,"tiempo_video":"00:05:20","punto_gpx":322,"latitud":-33.008173333333303,"longitud":-68.632155,"elevacion":671.1,"hora_gpx":"2026-07-13T19:52:42Z","imagen":"frames/frame_000320.jpg"},"geometry":{"type":"Point","coordinates":[-68.632155,-33.008173333333303]}},
{"type":"Feature","properties":{"seg_gpx_rel":322,"tiempo_gpx_rel":"00:05:22","desfase_s":-1,"seg_video":321,"tiempo_video":"00:05:21","punto_gpx":323,"latitud":-33.008198333333297,"longitud":-68.632091666666696,"elevacion":671.2,"hora_gpx":"2026-07-13T19:52:43Z","imagen":"frames/frame_000321.jpg"},"geometry":{"type":"Point","coordinates":[-68.632091666666696,-33.008198333333297]}},
{"type":"Feature","properties":{"seg_gpx_rel":323,"tiempo_gpx_rel":"00:05:23","desfase_s":-1,"seg_video":322,"tiempo_video":"00:05:22","punto_gpx":324,"latitud":-33.008221666666699,"longitud":-68.632026666666704,"elevacion":671.2,"hora_gpx":"2026-07-13T19:52:44Z","imagen":"frames/frame_000322.jpg"},"geometry":{"type":"Point","coordinates":[-68.632026666666704,-33.008221666666699]}},
{"type":"Feature","properties":{"seg_gpx_rel":324,"tiempo_gpx_rel":"00:05:24","desfase_s":-1,"seg_video":323,"tiempo_video":"00:05:23","punto_gpx":325,"latitud":-33.0082466666667,"longitud":-68.631961666666697,"elevacion":671.2,"hora_gpx":"2026-07-13T19:52:45Z","imagen":"frames/frame_000323.jpg"},"geometry":{"type":"Point","coordinates":[-68.631961666666697,-33.0082466666667]}},
{"type":"Feature","properties":{"seg_gpx_rel":325,"tiempo_gpx_rel":"00:05:25","desfase_s":-1,"seg_video":324,"tiempo_video":"00:05:24","punto_gpx":326,"latitud":-33.00827,"longitud":-68.631895,"elevacion":671.0,"hora_gpx":"2026-07-13T19:52:46Z","imagen":"frames/frame_000324.jpg"},"geometry":{"type":"Point","coordinates":[-68.631895,-33.00827]}},
{"type":"Feature","properties":{"seg_gpx_rel":326,"tiempo_gpx_rel":"00:05:26","desfase_s":-1,"seg_video":325,"tiempo_video":"00:05:25","punto_gpx":327,"latitud":-33.008293333333299,"longitud":-68.631828333333303,"elevacion":670.9,"hora_gpx":"2026-07-13T19:52:47Z","imagen":"frames/frame_000325.jpg"},"geometry":{"type":"Point","coordinates":[-68.631828333333303,-33.008293333333299]}},
{"type":"Feature","properties":{"seg_gpx_rel":327,"tiempo_gpx_rel":"00:05:27","desfase_s":-1,"seg_video":326,"tiempo_video":"00:05:26","punto_gpx":328,"latitud":-33.0083183333333,"longitud":-68.631761666666705,"elevacion":671.0,"hora_gpx":"2026-07-13T19:52:48Z","imagen":"frames/frame_000326.jpg"},"geometry":{"type":"Point","coordinates":[-68.631761666666705,-33.0083183333333]}},
{"type":"Feature","properties":{"seg_gpx_rel":328,"tiempo_gpx_rel":"00:05:28","desfase_s":-1,"seg_video":327,"tiempo_video":"00:05:27","punto_gpx":329,"latitud":-33.008341666666702,"longitud":-68.631693333333303,"elevacion":670.9,"hora_gpx":"2026-07-13T19:52:49Z","imagen":"frames/frame_000327.jpg"},"geometry":{"type":"Point","coordinates":[-68.631693333333303,-33.008341666666702]}},
{"type":"Feature","properties":{"seg_gpx_rel":329,"tiempo_gpx_rel":"00:05:29","desfase_s":-1,"seg_video":328,"tiempo_video":"00:05:28","punto_gpx":330,"latitud":-33.008365,"longitud":-68.631628333333296,"elevacion":670.9,"hora_gpx":"2026-07-13T19:52:50Z","imagen":"frames/frame_000328.jpg"},"geometry":{"type":"Point","coordinates":[-68.631628333333296,-33.008365]}},
{"type":"Feature","properties":{"seg_gpx_rel":330,"tiempo_gpx_rel":"00:05:30","desfase_s":-1,"seg_video":329,"tiempo_video":"00:05:29","punto_gpx":331,"latitud":-33.008386666666702,"longitud":-68.631563333333304,"elevacion":670.8,"hora_gpx":"2026-07-13T19:52:51Z","imagen":"frames/frame_000329.jpg"},"geometry":{"type":"Point","coordinates":[-68.631563333333304,-33.008386666666702]}},
{"type":"Feature","properties":{"seg_gpx_rel":331,"tiempo_gpx_rel":"00:05:31","desfase_s":-1,"seg_video":330,"tiempo_video":"00:05:30","punto_gpx":332,"latitud":-33.0084083333333,"longitud":-68.631496666666607,"elevacion":670.6,"hora_gpx":"2026-07-13T19:52:52Z","imagen":"frames/frame_000330.jpg"},"geometry":{"type":"Point","coordinates":[-68.631496666666607,-33.0084083333333]}},
{"type":"Feature","properties":{"seg_gpx_rel":332,"tiempo_gpx_rel":"00:05:32","desfase_s":-1,"seg_video":331,"tiempo_video":"00:05:31","punto_gpx":333,"latitud":-33.00843,"longitud":-68.63143,"elevacion":670.6,"hora_gpx":"2026-07-13T19:52:53Z","imagen":"frames/frame_000331.jpg"},"geometry":{"type":"Point","coordinates":[-68.63143,-33.00843]}},
{"type":"Feature","properties":{"seg_gpx_rel":333,"tiempo_gpx_rel":"00:05:33","desfase_s":-1,"seg_video":332,"tiempo_video":"00:05:32","punto_gpx":334,"latitud":-33.0084533333333,"longitud":-68.631363333333297,"elevacion":670.5,"hora_gpx":"2026-07-13T19:52:54Z","imagen":"frames/frame_000332.jpg"},"geometry":{"type":"Point","coordinates":[-68.631363333333297,-33.0084533333333]}},
{"type":"Feature","properties":{"seg_gpx_rel":334,"tiempo_gpx_rel":"00:05:34","desfase_s":-1,"seg_video":333,"tiempo_video":"00:05:33","punto_gpx":335,"latitud":-33.008476666666702,"longitud":-68.6313,"elevacion":670.3,"hora_gpx":"2026-07-13T19:52:55Z","imagen":"frames/frame_000333.jpg"},"geometry":{"type":"Point","coordinates":[-68.6313,-33.008476666666702]}},
{"type":"Feature","properties":{"seg_gpx_rel":335,"tiempo_gpx_rel":"00:05:35","desfase_s":-1,"seg_video":334,"tiempo_video":"00:05:34","punto_gpx":336,"latitud":-33.0084983333333,"longitud":-68.631233333333299,"elevacion":670.2,"hora_gpx":"2026-07-13T19:52:56Z","imagen":"frames/frame_000334.jpg"},"geometry":{"type":"Point","coordinates":[-68.631233333333299,-33.0084983333333]}},
{"type":"Feature","properties":{"seg_gpx_rel":336,"tiempo_gpx_rel":"00:05:36","desfase_s":-1,"seg_video":335,"tiempo_video":"00:05:35","punto_gpx":337,"latitud":-33.008523333333301,"longitud":-68.631166666666701,"elevacion":670.4,"hora_gpx":"2026-07-13T19:52:57Z","imagen":"frames/frame_000335.jpg"},"geometry":{"type":"Point","coordinates":[-68.631166666666701,-33.008523333333301]}},
{"type":"Feature","properties":{"seg_gpx_rel":337,"tiempo_gpx_rel":"00:05:37","desfase_s":-1,"seg_video":336,"tiempo_video":"00:05:36","punto_gpx":338,"latitud":-33.008545,"longitud":-68.6311,"elevacion":670.4,"hora_gpx":"2026-07-13T19:52:58Z","imagen":"frames/frame_000336.jpg"},"geometry":{"type":"Point","coordinates":[-68.6311,-33.008545]}},
{"type":"Feature","properties":{"seg_gpx_rel":338,"tiempo_gpx_rel":"00:05:38","desfase_s":-1,"seg_video":337,"tiempo_video":"00:05:37","punto_gpx":339,"latitud":-33.00857,"longitud":-68.631031666666701,"elevacion":670.6,"hora_gpx":"2026-07-13T19:52:59Z","imagen":"frames/frame_000337.jpg"},"geometry":{"type":"Point","coordinates":[-68.631031666666701,-33.00857]}},
{"type":"Feature","properties":{"seg_gpx_rel":339,"tiempo_gpx_rel":"00:05:39","desfase_s":-1,"seg_video":338,"tiempo_video":"00:05:38","punto_gpx":340,"latitud":-33.008595,"longitud":-68.630965,"elevacion":670.7,"hora_gpx":"2026-07-13T19:53:00Z","imagen":"frames/frame_000338.jpg"},"geometry":{"type":"Point","coordinates":[-68.630965,-33.008595]}},
{"type":"Feature","properties":{"seg_gpx_rel":340,"tiempo_gpx_rel":"00:05:40","desfase_s":-1,"seg_video":339,"tiempo_video":"00:05:39","punto_gpx":341,"latitud":-33.00862,"longitud":-68.6308966666667,"elevacion":671.0,"hora_gpx":"2026-07-13T19:53:01Z","imagen":"frames/frame_000339.jpg"},"geometry":{"type":"Point","coordinates":[-68.6308966666667,-33.00862]}},
{"type":"Feature","properties":{"seg_gpx_rel":341,"tiempo_gpx_rel":"00:05:41","desfase_s":-1,"seg_video":340,"tiempo_video":"00:05:40","punto_gpx":342,"latitud":-33.008641666666698,"longitud":-68.63083,"elevacion":670.9,"hora_gpx":"2026-07-13T19:53:02Z","imagen":"frames/frame_000340.jpg"},"geometry":{"type":"Point","coordinates":[-68.63083,-33.008641666666698]}},
{"type":"Feature","properties":{"seg_gpx_rel":342,"tiempo_gpx_rel":"00:05:42","desfase_s":-1,"seg_video":341,"tiempo_video":"00:05:41","punto_gpx":343,"latitud":-33.008666666666699,"longitud":-68.6307616666667,"elevacion":671.1,"hora_gpx":"2026-07-13T19:53:03Z","imagen":"frames/frame_000341.jpg"},"geometry":{"type":"Point","coordinates":[-68.6307616666667,-33.008666666666699]}},
{"type":"Feature","properties":{"seg_gpx_rel":343,"tiempo_gpx_rel":"00:05:43","desfase_s":-1,"seg_video":342,"tiempo_video":"00:05:42","punto_gpx":344,"latitud":-33.00869,"longitud":-68.630693333333298,"elevacion":671.1,"hora_gpx":"2026-07-13T19:53:04Z","imagen":"frames/frame_000342.jpg"},"geometry":{"type":"Point","coordinates":[-68.630693333333298,-33.00869]}},
{"type":"Feature","properties":{"seg_gpx_rel":344,"tiempo_gpx_rel":"00:05:44","desfase_s":-1,"seg_video":343,"tiempo_video":"00:05:43","punto_gpx":345,"latitud":-33.008715,"longitud":-68.630625,"elevacion":671.0,"hora_gpx":"2026-07-13T19:53:05Z","imagen":"frames/frame_000343.jpg"},"geometry":{"type":"Point","coordinates":[-68.630625,-33.008715]}},
{"type":"Feature","properties":{"seg_gpx_rel":345,"tiempo_gpx_rel":"00:05:45","desfase_s":-1,"seg_video":344,"tiempo_video":"00:05:44","punto_gpx":346,"latitud":-33.008738333333298,"longitud":-68.630556666666706,"elevacion":670.8,"hora_gpx":"2026-07-13T19:53:06Z","imagen":"frames/frame_000344.jpg"},"geometry":{"type":"Point","coordinates":[-68.630556666666706,-33.008738333333298]}},
{"type":"Feature","properties":{"seg_gpx_rel":346,"tiempo_gpx_rel":"00:05:46","desfase_s":-1,"seg_video":345,"tiempo_video":"00:05:45","punto_gpx":347,"latitud":-33.00876,"longitud":-68.630488333333304,"elevacion":670.9,"hora_gpx":"2026-07-13T19:53:07Z","imagen":"frames/frame_000345.jpg"},"geometry":{"type":"Point","coordinates":[-68.630488333333304,-33.00876]}},
{"type":"Feature","properties":{"seg_gpx_rel":347,"tiempo_gpx_rel":"00:05:47","desfase_s":-1,"seg_video":346,"tiempo_video":"00:05:46","punto_gpx":348,"latitud":-33.008783333333298,"longitud":-68.630418333333296,"elevacion":671.1,"hora_gpx":"2026-07-13T19:53:08Z","imagen":"frames/frame_000346.jpg"},"geometry":{"type":"Point","coordinates":[-68.630418333333296,-33.008783333333298]}},
{"type":"Feature","properties":{"seg_gpx_rel":348,"tiempo_gpx_rel":"00:05:48","desfase_s":-1,"seg_video":347,"tiempo_video":"00:05:47","punto_gpx":349,"latitud":-33.008808333333299,"longitud":-68.630348333333302,"elevacion":671.4,"hora_gpx":"2026-07-13T19:53:09Z","imagen":"frames/frame_000347.jpg"},"geometry":{"type":"Point","coordinates":[-68.630348333333302,-33.008808333333299]}},
{"type":"Feature","properties":{"seg_gpx_rel":349,"tiempo_gpx_rel":"00:05:49","desfase_s":-1,"seg_video":348,"tiempo_video":"00:05:48","punto_gpx":350,"latitud":-33.0088333333333,"longitud":-68.63028,"elevacion":671.4,"hora_gpx":"2026-07-13T19:53:10Z","imagen":"frames/frame_000348.jpg"},"geometry":{"type":"Point","coordinates":[-68.63028,-33.0088333333333]}},
{"type":"Feature","properties":{"seg_gpx_rel":350,"tiempo_gpx_rel":"00:05:50","desfase_s":-1,"seg_video":349,"tiempo_video":"00:05:49","punto_gpx":351,"latitud":-33.00886,"longitud":-68.63021,"elevacion":671.1,"hora_gpx":"2026-07-13T19:53:11Z","imagen":"frames/frame_000349.jpg"},"geometry":{"type":"Point","coordinates":[-68.63021,-33.00886]}},
{"type":"Feature","properties":{"seg_gpx_rel":351,"tiempo_gpx_rel":"00:05:51","desfase_s":-1,"seg_video":350,"tiempo_video":"00:05:50","punto_gpx":352,"latitud":-33.008886666666697,"longitud":-68.63014,"elevacion":671.2,"hora_gpx":"2026-07-13T19:53:12Z","imagen":"frames/frame_000350.jpg"},"geometry":{"type":"Point","coordinates":[-68.63014,-33.008886666666697]}},
{"type":"Feature","properties":{"seg_gpx_rel":352,"tiempo_gpx_rel":"00:05:52","desfase_s":-1,"seg_video":351,"tiempo_video":"00:05:51","punto_gpx":353,"latitud":-33.008913333333297,"longitud":-68.63007,"elevacion":671.1,"hora_gpx":"2026-07-13T19:53:13Z","imagen":"frames/frame_000351.jpg"},"geometry":{"type":"Point","coordinates":[-68.63007,-33.008913333333297]}},
{"type":"Feature","properties":{"seg_gpx_rel":353,"tiempo_gpx_rel":"00:05:53","desfase_s":-1,"seg_video":352,"tiempo_video":"00:05:52","punto_gpx":354,"latitud":-33.00894,"longitud":-68.63,"elevacion":670.8,"hora_gpx":"2026-07-13T19:53:14Z","imagen":"frames/frame_000352.jpg"},"geometry":{"type":"Point","coordinates":[-68.63,-33.00894]}},
{"type":"Feature","properties":{"seg_gpx_rel":354,"tiempo_gpx_rel":"00:05:54","desfase_s":-1,"seg_video":353,"tiempo_video":"00:05:53","punto_gpx":355,"latitud":-33.008965,"longitud":-68.629931666666707,"elevacion":670.7,"hora_gpx":"2026-07-13T19:53:15Z","imagen":"frames/frame_000353.jpg"},"geometry":{"type":"Point","coordinates":[-68.629931666666707,-33.008965]}},
{"type":"Feature","properties":{"seg_gpx_rel":355,"tiempo_gpx_rel":"00:05:55","desfase_s":-1,"seg_video":354,"tiempo_video":"00:05:54","punto_gpx":356,"latitud":-33.008988333333299,"longitud":-68.629865,"elevacion":670.6,"hora_gpx":"2026-07-13T19:53:16Z","imagen":"frames/frame_000354.jpg"},"geometry":{"type":"Point","coordinates":[-68.629865,-33.008988333333299]}},
{"type":"Feature","properties":{"seg_gpx_rel":356,"tiempo_gpx_rel":"00:05:56","desfase_s":-1,"seg_video":355,"tiempo_video":"00:05:55","punto_gpx":357,"latitud":-33.009011666666702,"longitud":-68.6298,"elevacion":670.6,"hora_gpx":"2026-07-13T19:53:17Z","imagen":"frames/frame_000355.jpg"},"geometry":{"type":"Point","coordinates":[-68.6298,-33.009011666666702]}},
{"type":"Feature","properties":{"seg_gpx_rel":357,"tiempo_gpx_rel":"00:05:57","desfase_s":-1,"seg_video":356,"tiempo_video":"00:05:56","punto_gpx":358,"latitud":-33.009033333333299,"longitud":-68.629736666666702,"elevacion":670.5,"hora_gpx":"2026-07-13T19:53:18Z","imagen":"frames/frame_000356.jpg"},"geometry":{"type":"Point","coordinates":[-68.629736666666702,-33.009033333333299]}},
{"type":"Feature","properties":{"seg_gpx_rel":358,"tiempo_gpx_rel":"00:05:58","desfase_s":-1,"seg_video":357,"tiempo_video":"00:05:57","punto_gpx":359,"latitud":-33.009056666666702,"longitud":-68.629671666666695,"elevacion":670.6,"hora_gpx":"2026-07-13T19:53:19Z","imagen":"frames/frame_000357.jpg"},"geometry":{"type":"Point","coordinates":[-68.629671666666695,-33.009056666666702]}},
{"type":"Feature","properties":{"seg_gpx_rel":359,"tiempo_gpx_rel":"00:05:59","desfase_s":-1,"seg_video":358,"tiempo_video":"00:05:58","punto_gpx":360,"latitud":-33.00908,"longitud":-68.629608333333294,"elevacion":670.7,"hora_gpx":"2026-07-13T19:53:20Z","imagen":"frames/frame_000358.jpg"},"geometry":{"type":"Point","coordinates":[-68.629608333333294,-33.00908]}},
{"type":"Feature","properties":{"seg_gpx_rel":360,"tiempo_gpx_rel":"00:06:00","desfase_s":-1,"seg_video":359,"tiempo_video":"00:05:59","punto_gpx":361,"latitud":-33.009101666666702,"longitud":-68.629545,"elevacion":670.9,"hora_gpx":"2026-07-13T19:53:21Z","imagen":"frames/frame_000359.jpg"},"geometry":{"type":"Point","coordinates":[-68.629545,-33.009101666666702]}},
{"type":"Feature","properties":{"seg_gpx_rel":361,"tiempo_gpx_rel":"00:06:01","desfase_s":-1,"seg_video":360,"tiempo_video":"00:06:00","punto_gpx":362,"latitud":-33.009123333333299,"longitud":-68.629481666666706,"elevacion":670.9,"hora_gpx":"2026-07-13T19:53:22Z","imagen":"frames/frame_000360.jpg"},"geometry":{"type":"Point","coordinates":[-68.629481666666706,-33.009123333333299]}},
{"type":"Feature","properties":{"seg_gpx_rel":362,"tiempo_gpx_rel":"00:06:02","desfase_s":-1,"seg_video":361,"tiempo_video":"00:06:01","punto_gpx":363,"latitud":-33.009146666666702,"longitud":-68.6294166666667,"elevacion":671.0,"hora_gpx":"2026-07-13T19:53:23Z","imagen":"frames/frame_000361.jpg"},"geometry":{"type":"Point","coordinates":[-68.6294166666667,-33.009146666666702]}},
{"type":"Feature","properties":{"seg_gpx_rel":363,"tiempo_gpx_rel":"00:06:03","desfase_s":-1,"seg_video":362,"tiempo_video":"00:06:02","punto_gpx":364,"latitud":-33.00917,"longitud":-68.629353333333299,"elevacion":671.1,"hora_gpx":"2026-07-13T19:53:24Z","imagen":"frames/frame_000362.jpg"},"geometry":{"type":"Point","coordinates":[-68.629353333333299,-33.00917]}},
{"type":"Feature","properties":{"seg_gpx_rel":364,"tiempo_gpx_rel":"00:06:04","desfase_s":-1,"seg_video":363,"tiempo_video":"00:06:03","punto_gpx":365,"latitud":-33.0091933333333,"longitud":-68.62929,"elevacion":671.2,"hora_gpx":"2026-07-13T19:53:25Z","imagen":"frames/frame_000363.jpg"},"geometry":{"type":"Point","coordinates":[-68.62929,-33.0091933333333]}},
{"type":"Feature","properties":{"seg_gpx_rel":365,"tiempo_gpx_rel":"00:06:05","desfase_s":-1,"seg_video":364,"tiempo_video":"00:06:04","punto_gpx":366,"latitud":-33.009216666666703,"longitud":-68.629226666666696,"elevacion":671.2,"hora_gpx":"2026-07-13T19:53:26Z","imagen":"frames/frame_000364.jpg"},"geometry":{"type":"Point","coordinates":[-68.629226666666696,-33.009216666666703]}},
{"type":"Feature","properties":{"seg_gpx_rel":366,"tiempo_gpx_rel":"00:06:06","desfase_s":-1,"seg_video":365,"tiempo_video":"00:06:05","punto_gpx":367,"latitud":-33.0092383333333,"longitud":-68.629163333333295,"elevacion":671.2,"hora_gpx":"2026-07-13T19:53:27Z","imagen":"frames/frame_000365.jpg"},"geometry":{"type":"Point","coordinates":[-68.629163333333295,-33.0092383333333]}},
{"type":"Feature","properties":{"seg_gpx_rel":367,"tiempo_gpx_rel":"00:06:07","desfase_s":-1,"seg_video":366,"tiempo_video":"00:06:06","punto_gpx":368,"latitud":-33.009261666666703,"longitud":-68.6291,"elevacion":671.2,"hora_gpx":"2026-07-13T19:53:28Z","imagen":"frames/frame_000366.jpg"},"geometry":{"type":"Point","coordinates":[-68.6291,-33.009261666666703]}},
{"type":"Feature","properties":{"seg_gpx_rel":368,"tiempo_gpx_rel":"00:06:08","desfase_s":-1,"seg_video":367,"tiempo_video":"00:06:07","punto_gpx":369,"latitud":-33.009281666666702,"longitud":-68.629038333333298,"elevacion":671.2,"hora_gpx":"2026-07-13T19:53:29Z","imagen":"frames/frame_000367.jpg"},"geometry":{"type":"Point","coordinates":[-68.629038333333298,-33.009281666666702]}},
{"type":"Feature","properties":{"seg_gpx_rel":369,"tiempo_gpx_rel":"00:06:09","desfase_s":-1,"seg_video":368,"tiempo_video":"00:06:08","punto_gpx":370,"latitud":-33.009305,"longitud":-68.628976666666702,"elevacion":671.3,"hora_gpx":"2026-07-13T19:53:30Z","imagen":"frames/frame_000368.jpg"},"geometry":{"type":"Point","coordinates":[-68.628976666666702,-33.009305]}},
{"type":"Feature","properties":{"seg_gpx_rel":370,"tiempo_gpx_rel":"00:06:10","desfase_s":-1,"seg_video":369,"tiempo_video":"00:06:09","punto_gpx":371,"latitud":-33.009326666666702,"longitud":-68.628915,"elevacion":671.3,"hora_gpx":"2026-07-13T19:53:31Z","imagen":"frames/frame_000369.jpg"},"geometry":{"type":"Point","coordinates":[-68.628915,-33.009326666666702]}},
{"type":"Feature","properties":{"seg_gpx_rel":371,"tiempo_gpx_rel":"00:06:11","desfase_s":-1,"seg_video":370,"tiempo_video":"00:06:10","punto_gpx":372,"latitud":-33.0093483333333,"longitud":-68.628853333333296,"elevacion":671.4,"hora_gpx":"2026-07-13T19:53:32Z","imagen":"frames/frame_000370.jpg"},"geometry":{"type":"Point","coordinates":[-68.628853333333296,-33.0093483333333]}},
{"type":"Feature","properties":{"seg_gpx_rel":372,"tiempo_gpx_rel":"00:06:12","desfase_s":-1,"seg_video":371,"tiempo_video":"00:06:11","punto_gpx":373,"latitud":-33.009371666666702,"longitud":-68.62879,"elevacion":671.6,"hora_gpx":"2026-07-13T19:53:33Z","imagen":"frames/frame_000371.jpg"},"geometry":{"type":"Point","coordinates":[-68.62879,-33.009371666666702]}},
{"type":"Feature","properties":{"seg_gpx_rel":373,"tiempo_gpx_rel":"00:06:13","desfase_s":-1,"seg_video":372,"tiempo_video":"00:06:12","punto_gpx":374,"latitud":-33.009396666666703,"longitud":-68.628725,"elevacion":671.7,"hora_gpx":"2026-07-13T19:53:34Z","imagen":"frames/frame_000372.jpg"},"geometry":{"type":"Point","coordinates":[-68.628725,-33.009396666666703]}},
{"type":"Feature","properties":{"seg_gpx_rel":374,"tiempo_gpx_rel":"00:06:14","desfase_s":-1,"seg_video":373,"tiempo_video":"00:06:13","punto_gpx":375,"latitud":-33.009421666666697,"longitud":-68.62866,"elevacion":671.8,"hora_gpx":"2026-07-13T19:53:35Z","imagen":"frames/frame_000373.jpg"},"geometry":{"type":"Point","coordinates":[-68.62866,-33.009421666666697]}},
{"type":"Feature","properties":{"seg_gpx_rel":375,"tiempo_gpx_rel":"00:06:15","desfase_s":-1,"seg_video":374,"tiempo_video":"00:06:14","punto_gpx":376,"latitud":-33.009445,"longitud":-68.628595,"elevacion":672.0,"hora_gpx":"2026-07-13T19:53:36Z","imagen":"frames/frame_000374.jpg"},"geometry":{"type":"Point","coordinates":[-68.628595,-33.009445]}},
{"type":"Feature","properties":{"seg_gpx_rel":376,"tiempo_gpx_rel":"00:06:16","desfase_s":-1,"seg_video":375,"tiempo_video":"00:06:15","punto_gpx":377,"latitud":-33.00947,"longitud":-68.62853,"elevacion":672.1,"hora_gpx":"2026-07-13T19:53:37Z","imagen":"frames/frame_000375.jpg"},"geometry":{"type":"Point","coordinates":[-68.62853,-33.00947]}},
{"type":"Feature","properties":{"seg_gpx_rel":377,"tiempo_gpx_rel":"00:06:17","desfase_s":-1,"seg_video":376,"tiempo_video":"00:06:16","punto_gpx":378,"latitud":-33.009495,"longitud":-68.628465,"elevacion":672.4,"hora_gpx":"2026-07-13T19:53:38Z","imagen":"frames/frame_000376.jpg"},"geometry":{"type":"Point","coordinates":[-68.628465,-33.009495]}},
{"type":"Feature","properties":{"seg_gpx_rel":378,"tiempo_gpx_rel":"00:06:18","desfase_s":-1,"seg_video":377,"tiempo_video":"00:06:17","punto_gpx":379,"latitud":-33.009518333333297,"longitud":-68.628396666666703,"elevacion":672.6,"hora_gpx":"2026-07-13T19:53:39Z","imagen":"frames/frame_000377.jpg"},"geometry":{"type":"Point","coordinates":[-68.628396666666703,-33.009518333333297]}},
{"type":"Feature","properties":{"seg_gpx_rel":379,"tiempo_gpx_rel":"00:06:19","desfase_s":-1,"seg_video":378,"tiempo_video":"00:06:18","punto_gpx":380,"latitud":-33.009541666666699,"longitud":-68.62833,"elevacion":672.8,"hora_gpx":"2026-07-13T19:53:40Z","imagen":"frames/frame_000378.jpg"},"geometry":{"type":"Point","coordinates":[-68.62833,-33.009541666666699]}},
{"type":"Feature","properties":{"seg_gpx_rel":380,"tiempo_gpx_rel":"00:06:20","desfase_s":-1,"seg_video":379,"tiempo_video":"00:06:19","punto_gpx":381,"latitud":-33.0095666666667,"longitud":-68.628261666666702,"elevacion":673.2,"hora_gpx":"2026-07-13T19:53:41Z","imagen":"frames/frame_000379.jpg"},"geometry":{"type":"Point","coordinates":[-68.628261666666702,-33.0095666666667]}},
{"type":"Feature","properties":{"seg_gpx_rel":381,"tiempo_gpx_rel":"00:06:21","desfase_s":-1,"seg_video":380,"tiempo_video":"00:06:20","punto_gpx":382,"latitud":-33.009591666666701,"longitud":-68.6281933333333,"elevacion":673.6,"hora_gpx":"2026-07-13T19:53:42Z","imagen":"frames/frame_000380.jpg"},"geometry":{"type":"Point","coordinates":[-68.6281933333333,-33.009591666666701]}},
{"type":"Feature","properties":{"seg_gpx_rel":382,"tiempo_gpx_rel":"00:06:22","desfase_s":-1,"seg_video":381,"tiempo_video":"00:06:21","punto_gpx":383,"latitud":-33.009616666666702,"longitud":-68.628125,"elevacion":673.6,"hora_gpx":"2026-07-13T19:53:43Z","imagen":"frames/frame_000381.jpg"},"geometry":{"type":"Point","coordinates":[-68.628125,-33.009616666666702]}},
{"type":"Feature","properties":{"seg_gpx_rel":383,"tiempo_gpx_rel":"00:06:23","desfase_s":-1,"seg_video":382,"tiempo_video":"00:06:22","punto_gpx":384,"latitud":-33.009641666666703,"longitud":-68.628055,"elevacion":673.7,"hora_gpx":"2026-07-13T19:53:44Z","imagen":"frames/frame_000382.jpg"},"geometry":{"type":"Point","coordinates":[-68.628055,-33.009641666666703]}},
{"type":"Feature","properties":{"seg_gpx_rel":384,"tiempo_gpx_rel":"00:06:24","desfase_s":-1,"seg_video":383,"tiempo_video":"00:06:23","punto_gpx":385,"latitud":-33.00967,"longitud":-68.6279866666667,"elevacion":673.7,"hora_gpx":"2026-07-13T19:53:45Z","imagen":"frames/frame_000383.jpg"},"geometry":{"type":"Point","coordinates":[-68.6279866666667,-33.00967]}},
{"type":"Feature","properties":{"seg_gpx_rel":385,"tiempo_gpx_rel":"00:06:25","desfase_s":-1,"seg_video":384,"tiempo_video":"00:06:24","punto_gpx":386,"latitud":-33.009693333333303,"longitud":-68.62792,"elevacion":673.8,"hora_gpx":"2026-07-13T19:53:46Z","imagen":"frames/frame_000384.jpg"},"geometry":{"type":"Point","coordinates":[-68.62792,-33.009693333333303]}},
{"type":"Feature","properties":{"seg_gpx_rel":386,"tiempo_gpx_rel":"00:06:26","desfase_s":-1,"seg_video":385,"tiempo_video":"00:06:25","punto_gpx":387,"latitud":-33.009718333333304,"longitud":-68.627853333333306,"elevacion":673.8,"hora_gpx":"2026-07-13T19:53:47Z","imagen":"frames/frame_000385.jpg"},"geometry":{"type":"Point","coordinates":[-68.627853333333306,-33.009718333333304]}},
{"type":"Feature","properties":{"seg_gpx_rel":387,"tiempo_gpx_rel":"00:06:27","desfase_s":-1,"seg_video":386,"tiempo_video":"00:06:26","punto_gpx":388,"latitud":-33.009741666666699,"longitud":-68.627785,"elevacion":673.3,"hora_gpx":"2026-07-13T19:53:48Z","imagen":"frames/frame_000386.jpg"},"geometry":{"type":"Point","coordinates":[-68.627785,-33.009741666666699]}},
{"type":"Feature","properties":{"seg_gpx_rel":388,"tiempo_gpx_rel":"00:06:28","desfase_s":-1,"seg_video":387,"tiempo_video":"00:06:27","punto_gpx":389,"latitud":-33.009765,"longitud":-68.627721666666702,"elevacion":672.9,"hora_gpx":"2026-07-13T19:53:49Z","imagen":"frames/frame_000387.jpg"},"geometry":{"type":"Point","coordinates":[-68.627721666666702,-33.009765]}},
{"type":"Feature","properties":{"seg_gpx_rel":389,"tiempo_gpx_rel":"00:06:29","desfase_s":-1,"seg_video":388,"tiempo_video":"00:06:28","punto_gpx":390,"latitud":-33.009786666666699,"longitud":-68.627655,"elevacion":673.1,"hora_gpx":"2026-07-13T19:53:50Z","imagen":"frames/frame_000388.jpg"},"geometry":{"type":"Point","coordinates":[-68.627655,-33.009786666666699]}},
{"type":"Feature","properties":{"seg_gpx_rel":390,"tiempo_gpx_rel":"00:06:30","desfase_s":-1,"seg_video":389,"tiempo_video":"00:06:29","punto_gpx":391,"latitud":-33.0098116666667,"longitud":-68.62759,"elevacion":673.0,"hora_gpx":"2026-07-13T19:53:51Z","imagen":"frames/frame_000389.jpg"},"geometry":{"type":"Point","coordinates":[-68.62759,-33.0098116666667]}},
{"type":"Feature","properties":{"seg_gpx_rel":391,"tiempo_gpx_rel":"00:06:31","desfase_s":-1,"seg_video":390,"tiempo_video":"00:06:30","punto_gpx":392,"latitud":-33.009835,"longitud":-68.627521666666695,"elevacion":672.5,"hora_gpx":"2026-07-13T19:53:52Z","imagen":"frames/frame_000390.jpg"},"geometry":{"type":"Point","coordinates":[-68.627521666666695,-33.009835]}},
{"type":"Feature","properties":{"seg_gpx_rel":392,"tiempo_gpx_rel":"00:06:32","desfase_s":-1,"seg_video":391,"tiempo_video":"00:06:31","punto_gpx":393,"latitud":-33.00986,"longitud":-68.627455,"elevacion":672.2,"hora_gpx":"2026-07-13T19:53:53Z","imagen":"frames/frame_000391.jpg"},"geometry":{"type":"Point","coordinates":[-68.627455,-33.00986]}},
{"type":"Feature","properties":{"seg_gpx_rel":393,"tiempo_gpx_rel":"00:06:33","desfase_s":-1,"seg_video":392,"tiempo_video":"00:06:32","punto_gpx":394,"latitud":-33.009883333333299,"longitud":-68.6273883333333,"elevacion":672.1,"hora_gpx":"2026-07-13T19:53:54Z","imagen":"frames/frame_000392.jpg"},"geometry":{"type":"Point","coordinates":[-68.6273883333333,-33.009883333333299]}},
{"type":"Feature","properties":{"seg_gpx_rel":394,"tiempo_gpx_rel":"00:06:34","desfase_s":-1,"seg_video":393,"tiempo_video":"00:06:33","punto_gpx":395,"latitud":-33.009905,"longitud":-68.627323333333294,"elevacion":671.7,"hora_gpx":"2026-07-13T19:53:55Z","imagen":"frames/frame_000393.jpg"},"geometry":{"type":"Point","coordinates":[-68.627323333333294,-33.009905]}},
{"type":"Feature","properties":{"seg_gpx_rel":395,"tiempo_gpx_rel":"00:06:35","desfase_s":-1,"seg_video":394,"tiempo_video":"00:06:34","punto_gpx":396,"latitud":-33.009928333333299,"longitud":-68.627258333333302,"elevacion":671.3,"hora_gpx":"2026-07-13T19:53:56Z","imagen":"frames/frame_000394.jpg"},"geometry":{"type":"Point","coordinates":[-68.627258333333302,-33.009928333333299]}},
{"type":"Feature","properties":{"seg_gpx_rel":396,"tiempo_gpx_rel":"00:06:36","desfase_s":-1,"seg_video":395,"tiempo_video":"00:06:35","punto_gpx":397,"latitud":-33.009951666666701,"longitud":-68.627191666666704,"elevacion":671.0,"hora_gpx":"2026-07-13T19:53:57Z","imagen":"frames/frame_000395.jpg"},"geometry":{"type":"Point","coordinates":[-68.627191666666704,-33.009951666666701]}},
{"type":"Feature","properties":{"seg_gpx_rel":397,"tiempo_gpx_rel":"00:06:37","desfase_s":-1,"seg_video":396,"tiempo_video":"00:06:36","punto_gpx":398,"latitud":-33.009975,"longitud":-68.627123333333302,"elevacion":670.7,"hora_gpx":"2026-07-13T19:53:58Z","imagen":"frames/frame_000396.jpg"},"geometry":{"type":"Point","coordinates":[-68.627123333333302,-33.009975]}},
{"type":"Feature","properties":{"seg_gpx_rel":398,"tiempo_gpx_rel":"00:06:38","desfase_s":-1,"seg_video":397,"tiempo_video":"00:06:37","punto_gpx":399,"latitud":-33.0099983333333,"longitud":-68.627055,"elevacion":670.5,"hora_gpx":"2026-07-13T19:53:59Z","imagen":"frames/frame_000397.jpg"},"geometry":{"type":"Point","coordinates":[-68.627055,-33.0099983333333]}},
{"type":"Feature","properties":{"seg_gpx_rel":399,"tiempo_gpx_rel":"00:06:39","desfase_s":-1,"seg_video":398,"tiempo_video":"00:06:38","punto_gpx":400,"latitud":-33.010023333333301,"longitud":-68.626985,"elevacion":670.1,"hora_gpx":"2026-07-13T19:54:00Z","imagen":"frames/frame_000398.jpg"},"geometry":{"type":"Point","coordinates":[-68.626985,-33.010023333333301]}},
{"type":"Feature","properties":{"seg_gpx_rel":400,"tiempo_gpx_rel":"00:06:40","desfase_s":-1,"seg_video":399,"tiempo_video":"00:06:39","punto_gpx":401,"latitud":-33.010048333333302,"longitud":-68.626913333333306,"elevacion":669.9,"hora_gpx":"2026-07-13T19:54:01Z","imagen":"frames/frame_000399.jpg"},"geometry":{"type":"Point","coordinates":[-68.626913333333306,-33.010048333333302]}},
{"type":"Feature","properties":{"seg_gpx_rel":401,"tiempo_gpx_rel":"00:06:41","desfase_s":-1,"seg_video":400,"tiempo_video":"00:06:40","punto_gpx":402,"latitud":-33.010073333333303,"longitud":-68.626843333333298,"elevacion":669.9,"hora_gpx":"2026-07-13T19:54:02Z","imagen":"frames/frame_000400.jpg"},"geometry":{"type":"Point","coordinates":[-68.626843333333298,-33.010073333333303]}},
{"type":"Feature","properties":{"seg_gpx_rel":402,"tiempo_gpx_rel":"00:06:42","desfase_s":-1,"seg_video":401,"tiempo_video":"00:06:41","punto_gpx":403,"latitud":-33.010098333333303,"longitud":-68.626771666666698,"elevacion":669.7,"hora_gpx":"2026-07-13T19:54:03Z","imagen":"frames/frame_000401.jpg"},"geometry":{"type":"Point","coordinates":[-68.626771666666698,-33.010098333333303]}},
{"type":"Feature","properties":{"seg_gpx_rel":403,"tiempo_gpx_rel":"00:06:43","desfase_s":-1,"seg_video":402,"tiempo_video":"00:06:42","punto_gpx":404,"latitud":-33.010123333333297,"longitud":-68.626698333333294,"elevacion":669.4,"hora_gpx":"2026-07-13T19:54:04Z","imagen":"frames/frame_000402.jpg"},"geometry":{"type":"Point","coordinates":[-68.626698333333294,-33.010123333333297]}},
{"type":"Feature","properties":{"seg_gpx_rel":404,"tiempo_gpx_rel":"00:06:44","desfase_s":-1,"seg_video":403,"tiempo_video":"00:06:43","punto_gpx":405,"latitud":-33.01015,"longitud":-68.626625,"elevacion":669.2,"hora_gpx":"2026-07-13T19:54:05Z","imagen":"frames/frame_000403.jpg"},"geometry":{"type":"Point","coordinates":[-68.626625,-33.01015]}},
{"type":"Feature","properties":{"seg_gpx_rel":405,"tiempo_gpx_rel":"00:06:45","desfase_s":-1,"seg_video":404,"tiempo_video":"00:06:44","punto_gpx":406,"latitud":-33.010175,"longitud":-68.62655,"elevacion":668.9,"hora_gpx":"2026-07-13T19:54:06Z","imagen":"frames/frame_000404.jpg"},"geometry":{"type":"Point","coordinates":[-68.62655,-33.010175]}},
{"type":"Feature","properties":{"seg_gpx_rel":406,"tiempo_gpx_rel":"00:06:46","desfase_s":-1,"seg_video":405,"tiempo_video":"00:06:45","punto_gpx":407,"latitud":-33.010201666666703,"longitud":-68.626471666666703,"elevacion":668.8,"hora_gpx":"2026-07-13T19:54:07Z","imagen":"frames/frame_000405.jpg"},"geometry":{"type":"Point","coordinates":[-68.626471666666703,-33.010201666666703]}},
{"type":"Feature","properties":{"seg_gpx_rel":407,"tiempo_gpx_rel":"00:06:47","desfase_s":-1,"seg_video":406,"tiempo_video":"00:06:46","punto_gpx":408,"latitud":-33.01023,"longitud":-68.626393333333297,"elevacion":668.8,"hora_gpx":"2026-07-13T19:54:08Z","imagen":"frames/frame_000406.jpg"},"geometry":{"type":"Point","coordinates":[-68.626393333333297,-33.01023]}},
{"type":"Feature","properties":{"seg_gpx_rel":408,"tiempo_gpx_rel":"00:06:48","desfase_s":-1,"seg_video":407,"tiempo_video":"00:06:47","punto_gpx":409,"latitud":-33.010256666666699,"longitud":-68.626315,"elevacion":669.0,"hora_gpx":"2026-07-13T19:54:09Z","imagen":"frames/frame_000407.jpg"},"geometry":{"type":"Point","coordinates":[-68.626315,-33.010256666666699]}},
{"type":"Feature","properties":{"seg_gpx_rel":409,"tiempo_gpx_rel":"00:06:49","desfase_s":-1,"seg_video":408,"tiempo_video":"00:06:48","punto_gpx":410,"latitud":-33.010285,"longitud":-68.62624,"elevacion":669.1,"hora_gpx":"2026-07-13T19:54:10Z","imagen":"frames/frame_000408.jpg"},"geometry":{"type":"Point","coordinates":[-68.62624,-33.010285]}},
{"type":"Feature","properties":{"seg_gpx_rel":410,"tiempo_gpx_rel":"00:06:50","desfase_s":-1,"seg_video":409,"tiempo_video":"00:06:49","punto_gpx":411,"latitud":-33.01031,"longitud":-68.626168333333297,"elevacion":669.2,"hora_gpx":"2026-07-13T19:54:11Z","imagen":"frames/frame_000409.jpg"},"geometry":{"type":"Point","coordinates":[-68.626168333333297,-33.01031]}},
{"type":"Feature","properties":{"seg_gpx_rel":411,"tiempo_gpx_rel":"00:06:51","desfase_s":-1,"seg_video":410,"tiempo_video":"00:06:50","punto_gpx":412,"latitud":-33.010336666666703,"longitud":-68.626098333333303,"elevacion":669.2,"hora_gpx":"2026-07-13T19:54:12Z","imagen":"frames/frame_000410.jpg"},"geometry":{"type":"Point","coordinates":[-68.626098333333303,-33.010336666666703]}},
{"type":"Feature","properties":{"seg_gpx_rel":412,"tiempo_gpx_rel":"00:06:52","desfase_s":-1,"seg_video":411,"tiempo_video":"00:06:51","punto_gpx":413,"latitud":-33.010361666666697,"longitud":-68.626028333333295,"elevacion":669.2,"hora_gpx":"2026-07-13T19:54:13Z","imagen":"frames/frame_000411.jpg"},"geometry":{"type":"Point","coordinates":[-68.626028333333295,-33.010361666666697]}},
{"type":"Feature","properties":{"seg_gpx_rel":413,"tiempo_gpx_rel":"00:06:53","desfase_s":-1,"seg_video":412,"tiempo_video":"00:06:52","punto_gpx":414,"latitud":-33.010386666666697,"longitud":-68.62596,"elevacion":669.4,"hora_gpx":"2026-07-13T19:54:14Z","imagen":"frames/frame_000412.jpg"},"geometry":{"type":"Point","coordinates":[-68.62596,-33.010386666666697]}},
{"type":"Feature","properties":{"seg_gpx_rel":414,"tiempo_gpx_rel":"00:06:54","desfase_s":-1,"seg_video":413,"tiempo_video":"00:06:53","punto_gpx":415,"latitud":-33.010411666666698,"longitud":-68.62589,"elevacion":669.6,"hora_gpx":"2026-07-13T19:54:15Z","imagen":"frames/frame_000413.jpg"},"geometry":{"type":"Point","coordinates":[-68.62589,-33.010411666666698]}},
{"type":"Feature","properties":{"seg_gpx_rel":415,"tiempo_gpx_rel":"00:06:55","desfase_s":-1,"seg_video":414,"tiempo_video":"00:06:54","punto_gpx":416,"latitud":-33.010438333333298,"longitud":-68.62582,"elevacion":669.6,"hora_gpx":"2026-07-13T19:54:16Z","imagen":"frames/frame_000414.jpg"},"geometry":{"type":"Point","coordinates":[-68.62582,-33.010438333333298]}},
{"type":"Feature","properties":{"seg_gpx_rel":416,"tiempo_gpx_rel":"00:06:56","desfase_s":-1,"seg_video":415,"tiempo_video":"00:06:55","punto_gpx":417,"latitud":-33.010463333333298,"longitud":-68.625748333333306,"elevacion":669.7,"hora_gpx":"2026-07-13T19:54:17Z","imagen":"frames/frame_000415.jpg"},"geometry":{"type":"Point","coordinates":[-68.625748333333306,-33.010463333333298]}},
{"type":"Feature","properties":{"seg_gpx_rel":417,"tiempo_gpx_rel":"00:06:57","desfase_s":-1,"seg_video":416,"tiempo_video":"00:06:56","punto_gpx":418,"latitud":-33.010488333333299,"longitud":-68.625678333333298,"elevacion":669.8,"hora_gpx":"2026-07-13T19:54:18Z","imagen":"frames/frame_000416.jpg"},"geometry":{"type":"Point","coordinates":[-68.625678333333298,-33.010488333333299]}},
{"type":"Feature","properties":{"seg_gpx_rel":418,"tiempo_gpx_rel":"00:06:58","desfase_s":-1,"seg_video":417,"tiempo_video":"00:06:57","punto_gpx":419,"latitud":-33.0105133333333,"longitud":-68.625608333333304,"elevacion":669.6,"hora_gpx":"2026-07-13T19:54:19Z","imagen":"frames/frame_000417.jpg"},"geometry":{"type":"Point","coordinates":[-68.625608333333304,-33.0105133333333]}},
{"type":"Feature","properties":{"seg_gpx_rel":419,"tiempo_gpx_rel":"00:06:59","desfase_s":-1,"seg_video":418,"tiempo_video":"00:06:58","punto_gpx":420,"latitud":-33.010538333333301,"longitud":-68.625538333333296,"elevacion":669.5,"hora_gpx":"2026-07-13T19:54:20Z","imagen":"frames/frame_000418.jpg"},"geometry":{"type":"Point","coordinates":[-68.625538333333296,-33.010538333333301]}},
{"type":"Feature","properties":{"seg_gpx_rel":420,"tiempo_gpx_rel":"00:07:00","desfase_s":-1,"seg_video":419,"tiempo_video":"00:06:59","punto_gpx":421,"latitud":-33.010563333333302,"longitud":-68.625468333333302,"elevacion":669.4,"hora_gpx":"2026-07-13T19:54:21Z","imagen":"frames/frame_000419.jpg"},"geometry":{"type":"Point","coordinates":[-68.625468333333302,-33.010563333333302]}},
{"type":"Feature","properties":{"seg_gpx_rel":421,"tiempo_gpx_rel":"00:07:01","desfase_s":-1,"seg_video":420,"tiempo_video":"00:07:00","punto_gpx":422,"latitud":-33.01059,"longitud":-68.625396666666703,"elevacion":669.5,"hora_gpx":"2026-07-13T19:54:22Z","imagen":"frames/frame_000420.jpg"},"geometry":{"type":"Point","coordinates":[-68.625396666666703,-33.01059]}},
{"type":"Feature","properties":{"seg_gpx_rel":422,"tiempo_gpx_rel":"00:07:02","desfase_s":-1,"seg_video":421,"tiempo_video":"00:07:01","punto_gpx":423,"latitud":-33.010616666666699,"longitud":-68.625325,"elevacion":669.5,"hora_gpx":"2026-07-13T19:54:23Z","imagen":"frames/frame_000421.jpg"},"geometry":{"type":"Point","coordinates":[-68.625325,-33.010616666666699]}},
{"type":"Feature","properties":{"seg_gpx_rel":423,"tiempo_gpx_rel":"00:07:03","desfase_s":-1,"seg_video":422,"tiempo_video":"00:07:02","punto_gpx":424,"latitud":-33.010643333333299,"longitud":-68.625256666666701,"elevacion":669.7,"hora_gpx":"2026-07-13T19:54:24Z","imagen":"frames/frame_000422.jpg"},"geometry":{"type":"Point","coordinates":[-68.625256666666701,-33.010643333333299]}},
{"type":"Feature","properties":{"seg_gpx_rel":424,"tiempo_gpx_rel":"00:07:04","desfase_s":-1,"seg_video":423,"tiempo_video":"00:07:03","punto_gpx":425,"latitud":-33.01067,"longitud":-68.625185,"elevacion":669.5,"hora_gpx":"2026-07-13T19:54:25Z","imagen":"frames/frame_000423.jpg"},"geometry":{"type":"Point","coordinates":[-68.625185,-33.01067]}},
{"type":"Feature","properties":{"seg_gpx_rel":425,"tiempo_gpx_rel":"00:07:05","desfase_s":-1,"seg_video":424,"tiempo_video":"00:07:04","punto_gpx":426,"latitud":-33.0106933333333,"longitud":-68.625111666666697,"elevacion":669.5,"hora_gpx":"2026-07-13T19:54:26Z","imagen":"frames/frame_000424.jpg"},"geometry":{"type":"Point","coordinates":[-68.625111666666697,-33.0106933333333]}},
{"type":"Feature","properties":{"seg_gpx_rel":426,"tiempo_gpx_rel":"00:07:06","desfase_s":-1,"seg_video":425,"tiempo_video":"00:07:05","punto_gpx":427,"latitud":-33.010718333333301,"longitud":-68.62504,"elevacion":669.5,"hora_gpx":"2026-07-13T19:54:27Z","imagen":"frames/frame_000425.jpg"},"geometry":{"type":"Point","coordinates":[-68.62504,-33.010718333333301]}},
{"type":"Feature","properties":{"seg_gpx_rel":427,"tiempo_gpx_rel":"00:07:07","desfase_s":-1,"seg_video":426,"tiempo_video":"00:07:06","punto_gpx":428,"latitud":-33.010741666666704,"longitud":-68.6249683333333,"elevacion":669.3,"hora_gpx":"2026-07-13T19:54:28Z","imagen":"frames/frame_000426.jpg"},"geometry":{"type":"Point","coordinates":[-68.6249683333333,-33.010741666666704]}},
{"type":"Feature","properties":{"seg_gpx_rel":428,"tiempo_gpx_rel":"00:07:08","desfase_s":-1,"seg_video":427,"tiempo_video":"00:07:07","punto_gpx":429,"latitud":-33.010766666666697,"longitud":-68.624898333333306,"elevacion":669.3,"hora_gpx":"2026-07-13T19:54:29Z","imagen":"frames/frame_000427.jpg"},"geometry":{"type":"Point","coordinates":[-68.624898333333306,-33.010766666666697]}},
{"type":"Feature","properties":{"seg_gpx_rel":429,"tiempo_gpx_rel":"00:07:09","desfase_s":-1,"seg_video":428,"tiempo_video":"00:07:08","punto_gpx":430,"latitud":-33.010791666666698,"longitud":-68.62483,"elevacion":669.3,"hora_gpx":"2026-07-13T19:54:30Z","imagen":"frames/frame_000428.jpg"},"geometry":{"type":"Point","coordinates":[-68.62483,-33.010791666666698]}},
{"type":"Feature","properties":{"seg_gpx_rel":430,"tiempo_gpx_rel":"00:07:10","desfase_s":-1,"seg_video":429,"tiempo_video":"00:07:09","punto_gpx":431,"latitud":-33.010816666666699,"longitud":-68.624758333333304,"elevacion":669.2,"hora_gpx":"2026-07-13T19:54:31Z","imagen":"frames/frame_000429.jpg"},"geometry":{"type":"Point","coordinates":[-68.624758333333304,-33.010816666666699]}},
{"type":"Feature","properties":{"seg_gpx_rel":431,"tiempo_gpx_rel":"00:07:11","desfase_s":-1,"seg_video":430,"tiempo_video":"00:07:10","punto_gpx":432,"latitud":-33.0108416666667,"longitud":-68.624686666666705,"elevacion":669.0,"hora_gpx":"2026-07-13T19:54:32Z","imagen":"frames/frame_000430.jpg"},"geometry":{"type":"Point","coordinates":[-68.624686666666705,-33.0108416666667]}},
{"type":"Feature","properties":{"seg_gpx_rel":432,"tiempo_gpx_rel":"00:07:12","desfase_s":-1,"seg_video":431,"tiempo_video":"00:07:11","punto_gpx":433,"latitud":-33.010866666666701,"longitud":-68.624615,"elevacion":668.9,"hora_gpx":"2026-07-13T19:54:33Z","imagen":"frames/frame_000431.jpg"},"geometry":{"type":"Point","coordinates":[-68.624615,-33.010866666666701]}},
{"type":"Feature","properties":{"seg_gpx_rel":433,"tiempo_gpx_rel":"00:07:13","desfase_s":-1,"seg_video":432,"tiempo_video":"00:07:12","punto_gpx":434,"latitud":-33.010891666666701,"longitud":-68.62454,"elevacion":668.6,"hora_gpx":"2026-07-13T19:54:34Z","imagen":"frames/frame_000432.jpg"},"geometry":{"type":"Point","coordinates":[-68.62454,-33.010891666666701]}},
{"type":"Feature","properties":{"seg_gpx_rel":434,"tiempo_gpx_rel":"00:07:14","desfase_s":-1,"seg_video":433,"tiempo_video":"00:07:13","punto_gpx":435,"latitud":-33.010918333333301,"longitud":-68.624466666666706,"elevacion":668.4,"hora_gpx":"2026-07-13T19:54:35Z","imagen":"frames/frame_000433.jpg"},"geometry":{"type":"Point","coordinates":[-68.624466666666706,-33.010918333333301]}},
{"type":"Feature","properties":{"seg_gpx_rel":435,"tiempo_gpx_rel":"00:07:15","desfase_s":-1,"seg_video":434,"tiempo_video":"00:07:14","punto_gpx":436,"latitud":-33.010945,"longitud":-68.624391666666696,"elevacion":668.3,"hora_gpx":"2026-07-13T19:54:36Z","imagen":"frames/frame_000434.jpg"},"geometry":{"type":"Point","coordinates":[-68.624391666666696,-33.010945]}},
{"type":"Feature","properties":{"seg_gpx_rel":436,"tiempo_gpx_rel":"00:07:16","desfase_s":-1,"seg_video":435,"tiempo_video":"00:07:15","punto_gpx":437,"latitud":-33.010971666666698,"longitud":-68.624315,"elevacion":669.0,"hora_gpx":"2026-07-13T19:54:37Z","imagen":"frames/frame_000435.jpg"},"geometry":{"type":"Point","coordinates":[-68.624315,-33.010971666666698]}},
{"type":"Feature","properties":{"seg_gpx_rel":437,"tiempo_gpx_rel":"00:07:17","desfase_s":-1,"seg_video":436,"tiempo_video":"00:07:16","punto_gpx":438,"latitud":-33.011,"longitud":-68.624236666666704,"elevacion":669.0,"hora_gpx":"2026-07-13T19:54:38Z","imagen":"frames/frame_000436.jpg"},"geometry":{"type":"Point","coordinates":[-68.624236666666704,-33.011]}},
{"type":"Feature","properties":{"seg_gpx_rel":438,"tiempo_gpx_rel":"00:07:18","desfase_s":-1,"seg_video":437,"tiempo_video":"00:07:17","punto_gpx":439,"latitud":-33.011026666666702,"longitud":-68.624156666666707,"elevacion":668.9,"hora_gpx":"2026-07-13T19:54:39Z","imagen":"frames/frame_000437.jpg"},"geometry":{"type":"Point","coordinates":[-68.624156666666707,-33.011026666666702]}},
{"type":"Feature","properties":{"seg_gpx_rel":439,"tiempo_gpx_rel":"00:07:19","desfase_s":-1,"seg_video":438,"tiempo_video":"00:07:18","punto_gpx":440,"latitud":-33.011056666666697,"longitud":-68.624078333333301,"elevacion":668.7,"hora_gpx":"2026-07-13T19:54:40Z","imagen":"frames/frame_000438.jpg"},"geometry":{"type":"Point","coordinates":[-68.624078333333301,-33.011056666666697]}},
{"type":"Feature","properties":{"seg_gpx_rel":440,"tiempo_gpx_rel":"00:07:20","desfase_s":-1,"seg_video":439,"tiempo_video":"00:07:19","punto_gpx":441,"latitud":-33.011086666666699,"longitud":-68.623998333333304,"elevacion":668.5,"hora_gpx":"2026-07-13T19:54:41Z","imagen":"frames/frame_000439.jpg"},"geometry":{"type":"Point","coordinates":[-68.623998333333304,-33.011086666666699]}},
{"type":"Feature","properties":{"seg_gpx_rel":441,"tiempo_gpx_rel":"00:07:21","desfase_s":-1,"seg_video":440,"tiempo_video":"00:07:20","punto_gpx":442,"latitud":-33.011116666666702,"longitud":-68.623918333333293,"elevacion":668.4,"hora_gpx":"2026-07-13T19:54:42Z","imagen":"frames/frame_000440.jpg"},"geometry":{"type":"Point","coordinates":[-68.623918333333293,-33.011116666666702]}},
{"type":"Feature","properties":{"seg_gpx_rel":442,"tiempo_gpx_rel":"00:07:22","desfase_s":-1,"seg_video":441,"tiempo_video":"00:07:21","punto_gpx":443,"latitud":-33.011145,"longitud":-68.623838333333296,"elevacion":668.4,"hora_gpx":"2026-07-13T19:54:43Z","imagen":"frames/frame_000441.jpg"},"geometry":{"type":"Point","coordinates":[-68.623838333333296,-33.011145]}},
{"type":"Feature","properties":{"seg_gpx_rel":443,"tiempo_gpx_rel":"00:07:23","desfase_s":-1,"seg_video":442,"tiempo_video":"00:07:22","punto_gpx":444,"latitud":-33.011173333333304,"longitud":-68.623758333333299,"elevacion":668.3,"hora_gpx":"2026-07-13T19:54:44Z","imagen":"frames/frame_000442.jpg"},"geometry":{"type":"Point","coordinates":[-68.623758333333299,-33.011173333333304]}},
{"type":"Feature","properties":{"seg_gpx_rel":444,"tiempo_gpx_rel":"00:07:24","desfase_s":-1,"seg_video":443,"tiempo_video":"00:07:23","punto_gpx":445,"latitud":-33.011203333333299,"longitud":-68.623676666666697,"elevacion":668.0,"hora_gpx":"2026-07-13T19:54:45Z","imagen":"frames/frame_000443.jpg"},"geometry":{"type":"Point","coordinates":[-68.623676666666697,-33.011203333333299]}},
{"type":"Feature","properties":{"seg_gpx_rel":445,"tiempo_gpx_rel":"00:07:25","desfase_s":-1,"seg_video":444,"tiempo_video":"00:07:24","punto_gpx":446,"latitud":-33.011233333333301,"longitud":-68.623595,"elevacion":667.9,"hora_gpx":"2026-07-13T19:54:46Z","imagen":"frames/frame_000444.jpg"},"geometry":{"type":"Point","coordinates":[-68.623595,-33.011233333333301]}},
{"type":"Feature","properties":{"seg_gpx_rel":446,"tiempo_gpx_rel":"00:07:26","desfase_s":-1,"seg_video":445,"tiempo_video":"00:07:25","punto_gpx":447,"latitud":-33.011263333333297,"longitud":-68.623513333333307,"elevacion":667.9,"hora_gpx":"2026-07-13T19:54:47Z","imagen":"frames/frame_000445.jpg"},"geometry":{"type":"Point","coordinates":[-68.623513333333307,-33.011263333333297]}},
{"type":"Feature","properties":{"seg_gpx_rel":447,"tiempo_gpx_rel":"00:07:27","desfase_s":-1,"seg_video":446,"tiempo_video":"00:07:26","punto_gpx":448,"latitud":-33.011293333333299,"longitud":-68.623431666666704,"elevacion":667.8,"hora_gpx":"2026-07-13T19:54:48Z","imagen":"frames/frame_000446.jpg"},"geometry":{"type":"Point","coordinates":[-68.623431666666704,-33.011293333333299]}},
{"type":"Feature","properties":{"seg_gpx_rel":448,"tiempo_gpx_rel":"00:07:28","desfase_s":-1,"seg_video":447,"tiempo_video":"00:07:27","punto_gpx":449,"latitud":-33.011325,"longitud":-68.623353333333299,"elevacion":667.7,"hora_gpx":"2026-07-13T19:54:49Z","imagen":"frames/frame_000447.jpg"},"geometry":{"type":"Point","coordinates":[-68.623353333333299,-33.011325]}},
{"type":"Feature","properties":{"seg_gpx_rel":449,"tiempo_gpx_rel":"00:07:29","desfase_s":-1,"seg_video":448,"tiempo_video":"00:07:28","punto_gpx":450,"latitud":-33.011353333333297,"longitud":-68.623278333333303,"elevacion":667.3,"hora_gpx":"2026-07-13T19:54:50Z","imagen":"frames/frame_000448.jpg"},"geometry":{"type":"Point","coordinates":[-68.623278333333303,-33.011353333333297]}},
{"type":"Feature","properties":{"seg_gpx_rel":450,"tiempo_gpx_rel":"00:07:30","desfase_s":-1,"seg_video":449,"tiempo_video":"00:07:29","punto_gpx":451,"latitud":-33.011381666666701,"longitud":-68.623205,"elevacion":667.2,"hora_gpx":"2026-07-13T19:54:51Z","imagen":"frames/frame_000449.jpg"},"geometry":{"type":"Point","coordinates":[-68.623205,-33.011381666666701]}},
{"type":"Feature","properties":{"seg_gpx_rel":451,"tiempo_gpx_rel":"00:07:31","desfase_s":-1,"seg_video":450,"tiempo_video":"00:07:30","punto_gpx":452,"latitud":-33.0114083333333,"longitud":-68.6231333333333,"elevacion":667.0,"hora_gpx":"2026-07-13T19:54:52Z","imagen":"frames/frame_000450.jpg"},"geometry":{"type":"Point","coordinates":[-68.6231333333333,-33.0114083333333]}},
{"type":"Feature","properties":{"seg_gpx_rel":452,"tiempo_gpx_rel":"00:07:32","desfase_s":-1,"seg_video":451,"tiempo_video":"00:07:31","punto_gpx":453,"latitud":-33.01143,"longitud":-68.623068333333293,"elevacion":666.8,"hora_gpx":"2026-07-13T19:54:53Z","imagen":"frames/frame_000451.jpg"},"geometry":{"type":"Point","coordinates":[-68.623068333333293,-33.01143]}},
{"type":"Feature","properties":{"seg_gpx_rel":453,"tiempo_gpx_rel":"00:07:33","desfase_s":-1,"seg_video":452,"tiempo_video":"00:07:32","punto_gpx":454,"latitud":-33.01145,"longitud":-68.623005,"elevacion":666.6,"hora_gpx":"2026-07-13T19:54:54Z","imagen":"frames/frame_000452.jpg"},"geometry":{"type":"Point","coordinates":[-68.623005,-33.01145]}},
{"type":"Feature","properties":{"seg_gpx_rel":454,"tiempo_gpx_rel":"00:07:34","desfase_s":-1,"seg_video":453,"tiempo_video":"00:07:33","punto_gpx":455,"latitud":-33.011473333333299,"longitud":-68.62294,"elevacion":666.1,"hora_gpx":"2026-07-13T19:54:55Z","imagen":"frames/frame_000453.jpg"},"geometry":{"type":"Point","coordinates":[-68.62294,-33.011473333333299]}},
{"type":"Feature","properties":{"seg_gpx_rel":455,"tiempo_gpx_rel":"00:07:35","desfase_s":-1,"seg_video":454,"tiempo_video":"00:07:34","punto_gpx":456,"latitud":-33.011495,"longitud":-68.622878333333304,"elevacion":665.5,"hora_gpx":"2026-07-13T19:54:56Z","imagen":"frames/frame_000454.jpg"},"geometry":{"type":"Point","coordinates":[-68.622878333333304,-33.011495]}},
{"type":"Feature","properties":{"seg_gpx_rel":456,"tiempo_gpx_rel":"00:07:36","desfase_s":-1,"seg_video":455,"tiempo_video":"00:07:35","punto_gpx":457,"latitud":-33.011518333333299,"longitud":-68.622816666666694,"elevacion":665.0,"hora_gpx":"2026-07-13T19:54:57Z","imagen":"frames/frame_000455.jpg"},"geometry":{"type":"Point","coordinates":[-68.622816666666694,-33.011518333333299]}},
{"type":"Feature","properties":{"seg_gpx_rel":457,"tiempo_gpx_rel":"00:07:37","desfase_s":-1,"seg_video":456,"tiempo_video":"00:07:36","punto_gpx":458,"latitud":-33.01154,"longitud":-68.622753333333307,"elevacion":664.7,"hora_gpx":"2026-07-13T19:54:58Z","imagen":"frames/frame_000456.jpg"},"geometry":{"type":"Point","coordinates":[-68.622753333333307,-33.01154]}},
{"type":"Feature","properties":{"seg_gpx_rel":458,"tiempo_gpx_rel":"00:07:38","desfase_s":-1,"seg_video":457,"tiempo_video":"00:07:37","punto_gpx":459,"latitud":-33.01156,"longitud":-68.622688333333301,"elevacion":664.7,"hora_gpx":"2026-07-13T19:54:59Z","imagen":"frames/frame_000457.jpg"},"geometry":{"type":"Point","coordinates":[-68.622688333333301,-33.01156]}},
{"type":"Feature","properties":{"seg_gpx_rel":459,"tiempo_gpx_rel":"00:07:39","desfase_s":-1,"seg_video":458,"tiempo_video":"00:07:38","punto_gpx":460,"latitud":-33.01158,"longitud":-68.622621666666703,"elevacion":664.6,"hora_gpx":"2026-07-13T19:55:00Z","imagen":"frames/frame_000458.jpg"},"geometry":{"type":"Point","coordinates":[-68.622621666666703,-33.01158]}},
{"type":"Feature","properties":{"seg_gpx_rel":460,"tiempo_gpx_rel":"00:07:40","desfase_s":-1,"seg_video":459,"tiempo_video":"00:07:39","punto_gpx":461,"latitud":-33.011598333333303,"longitud":-68.6225533333333,"elevacion":664.5,"hora_gpx":"2026-07-13T19:55:01Z","imagen":"frames/frame_000459.jpg"},"geometry":{"type":"Point","coordinates":[-68.6225533333333,-33.011598333333303]}},
{"type":"Feature","properties":{"seg_gpx_rel":461,"tiempo_gpx_rel":"00:07:41","desfase_s":-1,"seg_video":460,"tiempo_video":"00:07:40","punto_gpx":462,"latitud":-33.011615,"longitud":-68.622486666666703,"elevacion":664.4,"hora_gpx":"2026-07-13T19:55:02Z","imagen":"frames/frame_000460.jpg"},"geometry":{"type":"Point","coordinates":[-68.622486666666703,-33.011615]}},
{"type":"Feature","properties":{"seg_gpx_rel":462,"tiempo_gpx_rel":"00:07:42","desfase_s":-1,"seg_video":461,"tiempo_video":"00:07:41","punto_gpx":463,"latitud":-33.011635,"longitud":-68.622416666666695,"elevacion":664.3,"hora_gpx":"2026-07-13T19:55:03Z","imagen":"frames/frame_000461.jpg"},"geometry":{"type":"Point","coordinates":[-68.622416666666695,-33.011635]}},
{"type":"Feature","properties":{"seg_gpx_rel":463,"tiempo_gpx_rel":"00:07:43","desfase_s":-1,"seg_video":462,"tiempo_video":"00:07:42","punto_gpx":464,"latitud":-33.011656666666703,"longitud":-68.622343333333305,"elevacion":664.5,"hora_gpx":"2026-07-13T19:55:04Z","imagen":"frames/frame_000462.jpg"},"geometry":{"type":"Point","coordinates":[-68.622343333333305,-33.011656666666703]}},
{"type":"Feature","properties":{"seg_gpx_rel":464,"tiempo_gpx_rel":"00:07:44","desfase_s":-1,"seg_video":463,"tiempo_video":"00:07:43","punto_gpx":465,"latitud":-33.011683333333302,"longitud":-68.622268333333295,"elevacion":664.7,"hora_gpx":"2026-07-13T19:55:05Z","imagen":"frames/frame_000463.jpg"},"geometry":{"type":"Point","coordinates":[-68.622268333333295,-33.011683333333302]}},
{"type":"Feature","properties":{"seg_gpx_rel":465,"tiempo_gpx_rel":"00:07:45","desfase_s":-1,"seg_video":464,"tiempo_video":"00:07:44","punto_gpx":466,"latitud":-33.011711666666699,"longitud":-68.62218,"elevacion":664.7,"hora_gpx":"2026-07-13T19:55:06Z","imagen":"frames/frame_000464.jpg"},"geometry":{"type":"Point","coordinates":[-68.62218,-33.011711666666699]}},
{"type":"Feature","properties":{"seg_gpx_rel":466,"tiempo_gpx_rel":"00:07:46","desfase_s":-1,"seg_video":465,"tiempo_video":"00:07:45","punto_gpx":467,"latitud":-33.011745,"longitud":-68.622085,"elevacion":664.6,"hora_gpx":"2026-07-13T19:55:07Z","imagen":"frames/frame_000465.jpg"},"geometry":{"type":"Point","coordinates":[-68.622085,-33.011745]}},
{"type":"Feature","properties":{"seg_gpx_rel":467,"tiempo_gpx_rel":"00:07:47","desfase_s":-1,"seg_video":466,"tiempo_video":"00:07:46","punto_gpx":468,"latitud":-33.0117816666667,"longitud":-68.621981666666699,"elevacion":664.7,"hora_gpx":"2026-07-13T19:55:08Z","imagen":"frames/frame_000466.jpg"},"geometry":{"type":"Point","coordinates":[-68.621981666666699,-33.0117816666667]}},
{"type":"Feature","properties":{"seg_gpx_rel":468,"tiempo_gpx_rel":"00:07:48","desfase_s":-1,"seg_video":467,"tiempo_video":"00:07:47","punto_gpx":469,"latitud":-33.01182,"longitud":-68.621875,"elevacion":664.8,"hora_gpx":"2026-07-13T19:55:09Z","imagen":"frames/frame_000467.jpg"},"geometry":{"type":"Point","coordinates":[-68.621875,-33.01182]}},
{"type":"Feature","properties":{"seg_gpx_rel":469,"tiempo_gpx_rel":"00:07:49","desfase_s":-1,"seg_video":468,"tiempo_video":"00:07:48","punto_gpx":470,"latitud":-33.011861666666697,"longitud":-68.6217616666667,"elevacion":664.7,"hora_gpx":"2026-07-13T19:55:10Z","imagen":"frames/frame_000468.jpg"},"geometry":{"type":"Point","coordinates":[-68.6217616666667,-33.011861666666697]}},
{"type":"Feature","properties":{"seg_gpx_rel":470,"tiempo_gpx_rel":"00:07:50","desfase_s":-1,"seg_video":469,"tiempo_video":"00:07:49","punto_gpx":471,"latitud":-33.011903333333301,"longitud":-68.621643333333296,"elevacion":664.7,"hora_gpx":"2026-07-13T19:55:11Z","imagen":"frames/frame_000469.jpg"},"geometry":{"type":"Point","coordinates":[-68.621643333333296,-33.011903333333301]}},
{"type":"Feature","properties":{"seg_gpx_rel":471,"tiempo_gpx_rel":"00:07:51","desfase_s":-1,"seg_video":470,"tiempo_video":"00:07:50","punto_gpx":472,"latitud":-33.011946666666702,"longitud":-68.62152,"elevacion":664.6,"hora_gpx":"2026-07-13T19:55:12Z","imagen":"frames/frame_000470.jpg"},"geometry":{"type":"Point","coordinates":[-68.62152,-33.011946666666702]}},
{"type":"Feature","properties":{"seg_gpx_rel":472,"tiempo_gpx_rel":"00:07:52","desfase_s":-1,"seg_video":471,"tiempo_video":"00:07:51","punto_gpx":473,"latitud":-33.011991666666702,"longitud":-68.621396666666698,"elevacion":664.5,"hora_gpx":"2026-07-13T19:55:13Z","imagen":"frames/frame_000471.jpg"},"geometry":{"type":"Point","coordinates":[-68.621396666666698,-33.011991666666702]}},
{"type":"Feature","properties":{"seg_gpx_rel":473,"tiempo_gpx_rel":"00:07:53","desfase_s":-1,"seg_video":472,"tiempo_video":"00:07:52","punto_gpx":474,"latitud":-33.012036666666702,"longitud":-68.62127,"elevacion":664.3,"hora_gpx":"2026-07-13T19:55:14Z","imagen":"frames/frame_000472.jpg"},"geometry":{"type":"Point","coordinates":[-68.62127,-33.012036666666702]}},
{"type":"Feature","properties":{"seg_gpx_rel":474,"tiempo_gpx_rel":"00:07:54","desfase_s":-1,"seg_video":473,"tiempo_video":"00:07:53","punto_gpx":475,"latitud":-33.01208,"longitud":-68.621143333333293,"elevacion":664.2,"hora_gpx":"2026-07-13T19:55:15Z","imagen":"frames/frame_000473.jpg"},"geometry":{"type":"Point","coordinates":[-68.621143333333293,-33.01208]}},
{"type":"Feature","properties":{"seg_gpx_rel":475,"tiempo_gpx_rel":"00:07:55","desfase_s":-1,"seg_video":474,"tiempo_video":"00:07:54","punto_gpx":476,"latitud":-33.012125,"longitud":-68.621015,"elevacion":664.1,"hora_gpx":"2026-07-13T19:55:16Z","imagen":"frames/frame_000474.jpg"},"geometry":{"type":"Point","coordinates":[-68.621015,-33.012125]}},
{"type":"Feature","properties":{"seg_gpx_rel":476,"tiempo_gpx_rel":"00:07:56","desfase_s":-1,"seg_video":475,"tiempo_video":"00:07:55","punto_gpx":477,"latitud":-33.01217,"longitud":-68.620888333333298,"elevacion":663.7,"hora_gpx":"2026-07-13T19:55:17Z","imagen":"frames/frame_000475.jpg"},"geometry":{"type":"Point","coordinates":[-68.620888333333298,-33.01217]}},
{"type":"Feature","properties":{"seg_gpx_rel":477,"tiempo_gpx_rel":"00:07:57","desfase_s":-1,"seg_video":476,"tiempo_video":"00:07:56","punto_gpx":478,"latitud":-33.012218333333301,"longitud":-68.620758333333299,"elevacion":663.9,"hora_gpx":"2026-07-13T19:55:18Z","imagen":"frames/frame_000476.jpg"},"geometry":{"type":"Point","coordinates":[-68.620758333333299,-33.012218333333301]}},
{"type":"Feature","properties":{"seg_gpx_rel":478,"tiempo_gpx_rel":"00:07:58","desfase_s":-1,"seg_video":477,"tiempo_video":"00:07:57","punto_gpx":479,"latitud":-33.012266666666697,"longitud":-68.620626666666695,"elevacion":664.3,"hora_gpx":"2026-07-13T19:55:19Z","imagen":"frames/frame_000477.jpg"},"geometry":{"type":"Point","coordinates":[-68.620626666666695,-33.012266666666697]}},
{"type":"Feature","properties":{"seg_gpx_rel":479,"tiempo_gpx_rel":"00:07:59","desfase_s":-1,"seg_video":478,"tiempo_video":"00:07:58","punto_gpx":480,"latitud":-33.012315,"longitud":-68.620495,"elevacion":664.0,"hora_gpx":"2026-07-13T19:55:20Z","imagen":"frames/frame_000478.jpg"},"geometry":{"type":"Point","coordinates":[-68.620495,-33.012315]}},
{"type":"Feature","properties":{"seg_gpx_rel":480,"tiempo_gpx_rel":"00:08:00","desfase_s":-1,"seg_video":479,"tiempo_video":"00:07:59","punto_gpx":481,"latitud":-33.012363333333298,"longitud":-68.620363333333302,"elevacion":664.2,"hora_gpx":"2026-07-13T19:55:21Z","imagen":"frames/frame_000479.jpg"},"geometry":{"type":"Point","coordinates":[-68.620363333333302,-33.012363333333298]}},
{"type":"Feature","properties":{"seg_gpx_rel":481,"tiempo_gpx_rel":"00:08:01","desfase_s":-1,"seg_video":480,"tiempo_video":"00:08:00","punto_gpx":482,"latitud":-33.01241,"longitud":-68.620231666666697,"elevacion":664.4,"hora_gpx":"2026-07-13T19:55:22Z","imagen":"frames/frame_000480.jpg"},"geometry":{"type":"Point","coordinates":[-68.620231666666697,-33.01241]}},
{"type":"Feature","properties":{"seg_gpx_rel":482,"tiempo_gpx_rel":"00:08:02","desfase_s":-1,"seg_video":481,"tiempo_video":"00:08:01","punto_gpx":483,"latitud":-33.012458333333299,"longitud":-68.6201,"elevacion":664.7,"hora_gpx":"2026-07-13T19:55:23Z","imagen":"frames/frame_000481.jpg"},"geometry":{"type":"Point","coordinates":[-68.6201,-33.012458333333299]}},
{"type":"Feature","properties":{"seg_gpx_rel":483,"tiempo_gpx_rel":"00:08:03","desfase_s":-1,"seg_video":482,"tiempo_video":"00:08:02","punto_gpx":484,"latitud":-33.012505,"longitud":-68.619968333333304,"elevacion":664.9,"hora_gpx":"2026-07-13T19:55:24Z","imagen":"frames/frame_000482.jpg"},"geometry":{"type":"Point","coordinates":[-68.619968333333304,-33.012505]}},
{"type":"Feature","properties":{"seg_gpx_rel":484,"tiempo_gpx_rel":"00:08:04","desfase_s":-1,"seg_video":483,"tiempo_video":"00:08:03","punto_gpx":485,"latitud":-33.012551666666702,"longitud":-68.619835,"elevacion":665.0,"hora_gpx":"2026-07-13T19:55:25Z","imagen":"frames/frame_000483.jpg"},"geometry":{"type":"Point","coordinates":[-68.619835,-33.012551666666702]}},
{"type":"Feature","properties":{"seg_gpx_rel":485,"tiempo_gpx_rel":"00:08:05","desfase_s":-1,"seg_video":484,"tiempo_video":"00:08:04","punto_gpx":486,"latitud":-33.0126,"longitud":-68.6197,"elevacion":665.2,"hora_gpx":"2026-07-13T19:55:26Z","imagen":"frames/frame_000484.jpg"},"geometry":{"type":"Point","coordinates":[-68.6197,-33.0126]}},
{"type":"Feature","properties":{"seg_gpx_rel":486,"tiempo_gpx_rel":"00:08:06","desfase_s":-1,"seg_video":485,"tiempo_video":"00:08:05","punto_gpx":487,"latitud":-33.012648333333303,"longitud":-68.619565,"elevacion":665.3,"hora_gpx":"2026-07-13T19:55:27Z","imagen":"frames/frame_000485.jpg"},"geometry":{"type":"Point","coordinates":[-68.619565,-33.012648333333303]}},
{"type":"Feature","properties":{"seg_gpx_rel":487,"tiempo_gpx_rel":"00:08:07","desfase_s":-1,"seg_video":486,"tiempo_video":"00:08:06","punto_gpx":488,"latitud":-33.012696666666699,"longitud":-68.619431666666699,"elevacion":665.5,"hora_gpx":"2026-07-13T19:55:28Z","imagen":"frames/frame_000486.jpg"},"geometry":{"type":"Point","coordinates":[-68.619431666666699,-33.012696666666699]}},
{"type":"Feature","properties":{"seg_gpx_rel":488,"tiempo_gpx_rel":"00:08:08","desfase_s":-1,"seg_video":487,"tiempo_video":"00:08:07","punto_gpx":489,"latitud":-33.012745,"longitud":-68.619296666666699,"elevacion":665.6,"hora_gpx":"2026-07-13T19:55:29Z","imagen":"frames/frame_000487.jpg"},"geometry":{"type":"Point","coordinates":[-68.619296666666699,-33.012745]}},
{"type":"Feature","properties":{"seg_gpx_rel":489,"tiempo_gpx_rel":"00:08:09","desfase_s":-1,"seg_video":488,"tiempo_video":"00:08:08","punto_gpx":490,"latitud":-33.012795,"longitud":-68.619161666666699,"elevacion":665.8,"hora_gpx":"2026-07-13T19:55:30Z","imagen":"frames/frame_000488.jpg"},"geometry":{"type":"Point","coordinates":[-68.619161666666699,-33.012795]}},
{"type":"Feature","properties":{"seg_gpx_rel":490,"tiempo_gpx_rel":"00:08:10","desfase_s":-1,"seg_video":489,"tiempo_video":"00:08:09","punto_gpx":491,"latitud":-33.012843333333301,"longitud":-68.619025,"elevacion":665.9,"hora_gpx":"2026-07-13T19:55:31Z","imagen":"frames/frame_000489.jpg"},"geometry":{"type":"Point","coordinates":[-68.619025,-33.012843333333301]}},
{"type":"Feature","properties":{"seg_gpx_rel":491,"tiempo_gpx_rel":"00:08:11","desfase_s":-1,"seg_video":490,"tiempo_video":"00:08:10","punto_gpx":492,"latitud":-33.012891666666697,"longitud":-68.618888333333302,"elevacion":666.0,"hora_gpx":"2026-07-13T19:55:32Z","imagen":"frames/frame_000490.jpg"},"geometry":{"type":"Point","coordinates":[-68.618888333333302,-33.012891666666697]}},
{"type":"Feature","properties":{"seg_gpx_rel":492,"tiempo_gpx_rel":"00:08:12","desfase_s":-1,"seg_video":491,"tiempo_video":"00:08:11","punto_gpx":493,"latitud":-33.012943333333297,"longitud":-68.618748333333301,"elevacion":665.6,"hora_gpx":"2026-07-13T19:55:33Z","imagen":"frames/frame_000491.jpg"},"geometry":{"type":"Point","coordinates":[-68.618748333333301,-33.012943333333297]}},
{"type":"Feature","properties":{"seg_gpx_rel":493,"tiempo_gpx_rel":"00:08:13","desfase_s":-1,"seg_video":492,"tiempo_video":"00:08:12","punto_gpx":494,"latitud":-33.0129916666667,"longitud":-68.618611666666695,"elevacion":665.8,"hora_gpx":"2026-07-13T19:55:34Z","imagen":"frames/frame_000492.jpg"},"geometry":{"type":"Point","coordinates":[-68.618611666666695,-33.0129916666667]}},
{"type":"Feature","properties":{"seg_gpx_rel":494,"tiempo_gpx_rel":"00:08:14","desfase_s":-1,"seg_video":493,"tiempo_video":"00:08:13","punto_gpx":495,"latitud":-33.013041666666702,"longitud":-68.618471666666693,"elevacion":666.1,"hora_gpx":"2026-07-13T19:55:35Z","imagen":"frames/frame_000493.jpg"},"geometry":{"type":"Point","coordinates":[-68.618471666666693,-33.013041666666702]}},
{"type":"Feature","properties":{"seg_gpx_rel":495,"tiempo_gpx_rel":"00:08:15","desfase_s":-1,"seg_video":494,"tiempo_video":"00:08:14","punto_gpx":496,"latitud":-33.013091666666703,"longitud":-68.618331666666705,"elevacion":666.3,"hora_gpx":"2026-07-13T19:55:36Z","imagen":"frames/frame_000494.jpg"},"geometry":{"type":"Point","coordinates":[-68.618331666666705,-33.013091666666703]}},
{"type":"Feature","properties":{"seg_gpx_rel":496,"tiempo_gpx_rel":"00:08:16","desfase_s":-1,"seg_video":495,"tiempo_video":"00:08:15","punto_gpx":497,"latitud":-33.013143333333304,"longitud":-68.618191666666704,"elevacion":666.6,"hora_gpx":"2026-07-13T19:55:37Z","imagen":"frames/frame_000495.jpg"},"geometry":{"type":"Point","coordinates":[-68.618191666666704,-33.013143333333304]}},
{"type":"Feature","properties":{"seg_gpx_rel":497,"tiempo_gpx_rel":"00:08:17","desfase_s":-1,"seg_video":496,"tiempo_video":"00:08:16","punto_gpx":498,"latitud":-33.0131983333333,"longitud":-68.618048333333306,"elevacion":666.6,"hora_gpx":"2026-07-13T19:55:38Z","imagen":"frames/frame_000496.jpg"},"geometry":{"type":"Point","coordinates":[-68.618048333333306,-33.0131983333333]}},
{"type":"Feature","properties":{"seg_gpx_rel":498,"tiempo_gpx_rel":"00:08:18","desfase_s":-1,"seg_video":497,"tiempo_video":"00:08:17","punto_gpx":499,"latitud":-33.013251666666697,"longitud":-68.617906666666698,"elevacion":666.7,"hora_gpx":"2026-07-13T19:55:39Z","imagen":"frames/frame_000497.jpg"},"geometry":{"type":"Point","coordinates":[-68.617906666666698,-33.013251666666697]}},
{"type":"Feature","properties":{"seg_gpx_rel":499,"tiempo_gpx_rel":"00:08:19","desfase_s":-1,"seg_video":498,"tiempo_video":"00:08:18","punto_gpx":500,"latitud":-33.013303333333297,"longitud":-68.617765,"elevacion":666.4,"hora_gpx":"2026-07-13T19:55:40Z","imagen":"frames/frame_000498.jpg"},"geometry":{"type":"Point","coordinates":[-68.617765,-33.013303333333297]}},
{"type":"Feature","properties":{"seg_gpx_rel":500,"tiempo_gpx_rel":"00:08:20","desfase_s":-1,"seg_video":499,"tiempo_video":"00:08:19","punto_gpx":501,"latitud":-33.013355,"longitud":-68.617621666666693,"elevacion":666.4,"hora_gpx":"2026-07-13T19:55:41Z","imagen":"frames/frame_000499.jpg"},"geometry":{"type":"Point","coordinates":[-68.617621666666693,-33.013355]}},
{"type":"Feature","properties":{"seg_gpx_rel":501,"tiempo_gpx_rel":"00:08:21","desfase_s":-1,"seg_video":500,"tiempo_video":"00:08:20","punto_gpx":502,"latitud":-33.013406666666697,"longitud":-68.61748,"elevacion":666.6,"hora_gpx":"2026-07-13T19:55:42Z","imagen":"frames/frame_000500.jpg"},"geometry":{"type":"Point","coordinates":[-68.61748,-33.013406666666697]}},
{"type":"Feature","properties":{"seg_gpx_rel":502,"tiempo_gpx_rel":"00:08:22","desfase_s":-1,"seg_video":501,"tiempo_video":"00:08:21","punto_gpx":503,"latitud":-33.013458333333297,"longitud":-68.617336666666702,"elevacion":666.9,"hora_gpx":"2026-07-13T19:55:43Z","imagen":"frames/frame_000501.jpg"},"geometry":{"type":"Point","coordinates":[-68.617336666666702,-33.013458333333297]}},
{"type":"Feature","properties":{"seg_gpx_rel":503,"tiempo_gpx_rel":"00:08:23","desfase_s":-1,"seg_video":502,"tiempo_video":"00:08:22","punto_gpx":504,"latitud":-33.013511666666702,"longitud":-68.617191666666699,"elevacion":666.7,"hora_gpx":"2026-07-13T19:55:44Z","imagen":"frames/frame_000502.jpg"},"geometry":{"type":"Point","coordinates":[-68.617191666666699,-33.013511666666702]}},
{"type":"Feature","properties":{"seg_gpx_rel":504,"tiempo_gpx_rel":"00:08:24","desfase_s":-1,"seg_video":503,"tiempo_video":"00:08:23","punto_gpx":505,"latitud":-33.013561666666703,"longitud":-68.617046666666695,"elevacion":666.7,"hora_gpx":"2026-07-13T19:55:45Z","imagen":"frames/frame_000503.jpg"},"geometry":{"type":"Point","coordinates":[-68.617046666666695,-33.013561666666703]}},
{"type":"Feature","properties":{"seg_gpx_rel":505,"tiempo_gpx_rel":"00:08:25","desfase_s":-1,"seg_video":504,"tiempo_video":"00:08:24","punto_gpx":506,"latitud":-33.013613333333304,"longitud":-68.616901666666706,"elevacion":666.5,"hora_gpx":"2026-07-13T19:55:46Z","imagen":"frames/frame_000504.jpg"},"geometry":{"type":"Point","coordinates":[-68.616901666666706,-33.013613333333304]}},
{"type":"Feature","properties":{"seg_gpx_rel":506,"tiempo_gpx_rel":"00:08:26","desfase_s":-1,"seg_video":505,"tiempo_video":"00:08:25","punto_gpx":507,"latitud":-33.013666666666701,"longitud":-68.616756666666703,"elevacion":666.2,"hora_gpx":"2026-07-13T19:55:47Z","imagen":"frames/frame_000505.jpg"},"geometry":{"type":"Point","coordinates":[-68.616756666666703,-33.013666666666701]}},
{"type":"Feature","properties":{"seg_gpx_rel":507,"tiempo_gpx_rel":"00:08:27","desfase_s":-1,"seg_video":506,"tiempo_video":"00:08:26","punto_gpx":508,"latitud":-33.01372,"longitud":-68.616613333333305,"elevacion":665.9,"hora_gpx":"2026-07-13T19:55:48Z","imagen":"frames/frame_000506.jpg"},"geometry":{"type":"Point","coordinates":[-68.616613333333305,-33.01372]}},
{"type":"Feature","properties":{"seg_gpx_rel":508,"tiempo_gpx_rel":"00:08:28","desfase_s":-1,"seg_video":507,"tiempo_video":"00:08:27","punto_gpx":509,"latitud":-33.01377,"longitud":-68.616471666666698,"elevacion":666.1,"hora_gpx":"2026-07-13T19:55:49Z","imagen":"frames/frame_000507.jpg"},"geometry":{"type":"Point","coordinates":[-68.616471666666698,-33.01377]}},
{"type":"Feature","properties":{"seg_gpx_rel":509,"tiempo_gpx_rel":"00:08:29","desfase_s":-1,"seg_video":508,"tiempo_video":"00:08:28","punto_gpx":510,"latitud":-33.01382,"longitud":-68.616331666666696,"elevacion":665.7,"hora_gpx":"2026-07-13T19:55:50Z","imagen":"frames/frame_000508.jpg"},"geometry":{"type":"Point","coordinates":[-68.616331666666696,-33.01382]}},
{"type":"Feature","properties":{"seg_gpx_rel":510,"tiempo_gpx_rel":"00:08:30","desfase_s":-1,"seg_video":509,"tiempo_video":"00:08:29","punto_gpx":511,"latitud":-33.01387,"longitud":-68.616191666666694,"elevacion":665.5,"hora_gpx":"2026-07-13T19:55:51Z","imagen":"frames/frame_000509.jpg"},"geometry":{"type":"Point","coordinates":[-68.616191666666694,-33.01387]}},
{"type":"Feature","properties":{"seg_gpx_rel":511,"tiempo_gpx_rel":"00:08:31","desfase_s":-1,"seg_video":510,"tiempo_video":"00:08:30","punto_gpx":512,"latitud":-33.01392,"longitud":-68.616053333333298,"elevacion":665.3,"hora_gpx":"2026-07-13T19:55:52Z","imagen":"frames/frame_000510.jpg"},"geometry":{"type":"Point","coordinates":[-68.616053333333298,-33.01392]}},
{"type":"Feature","properties":{"seg_gpx_rel":512,"tiempo_gpx_rel":"00:08:32","desfase_s":-1,"seg_video":511,"tiempo_video":"00:08:31","punto_gpx":513,"latitud":-33.013966666666697,"longitud":-68.615918333333298,"elevacion":665.4,"hora_gpx":"2026-07-13T19:55:53Z","imagen":"frames/frame_000511.jpg"},"geometry":{"type":"Point","coordinates":[-68.615918333333298,-33.013966666666697]}},
{"type":"Feature","properties":{"seg_gpx_rel":513,"tiempo_gpx_rel":"00:08:33","desfase_s":-1,"seg_video":512,"tiempo_video":"00:08:32","punto_gpx":514,"latitud":-33.014015,"longitud":-68.615785,"elevacion":665.3,"hora_gpx":"2026-07-13T19:55:54Z","imagen":"frames/frame_000512.jpg"},"geometry":{"type":"Point","coordinates":[-68.615785,-33.014015]}},
{"type":"Feature","properties":{"seg_gpx_rel":514,"tiempo_gpx_rel":"00:08:34","desfase_s":-1,"seg_video":513,"tiempo_video":"00:08:33","punto_gpx":515,"latitud":-33.014061666666699,"longitud":-68.615651666666693,"elevacion":665.5,"hora_gpx":"2026-07-13T19:55:55Z","imagen":"frames/frame_000513.jpg"},"geometry":{"type":"Point","coordinates":[-68.615651666666693,-33.014061666666699]}},
{"type":"Feature","properties":{"seg_gpx_rel":515,"tiempo_gpx_rel":"00:08:35","desfase_s":-1,"seg_video":514,"tiempo_video":"00:08:34","punto_gpx":516,"latitud":-33.01411,"longitud":-68.61552,"elevacion":665.2,"hora_gpx":"2026-07-13T19:55:56Z","imagen":"frames/frame_000514.jpg"},"geometry":{"type":"Point","coordinates":[-68.61552,-33.01411]}},
{"type":"Feature","properties":{"seg_gpx_rel":516,"tiempo_gpx_rel":"00:08:36","desfase_s":-1,"seg_video":515,"tiempo_video":"00:08:35","punto_gpx":517,"latitud":-33.0141566666667,"longitud":-68.6153883333333,"elevacion":665.0,"hora_gpx":"2026-07-13T19:55:57Z","imagen":"frames/frame_000515.jpg"},"geometry":{"type":"Point","coordinates":[-68.6153883333333,-33.0141566666667]}},
{"type":"Feature","properties":{"seg_gpx_rel":517,"tiempo_gpx_rel":"00:08:37","desfase_s":-1,"seg_video":516,"tiempo_video":"00:08:36","punto_gpx":518,"latitud":-33.0142016666667,"longitud":-68.61526,"elevacion":665.1,"hora_gpx":"2026-07-13T19:55:58Z","imagen":"frames/frame_000516.jpg"},"geometry":{"type":"Point","coordinates":[-68.61526,-33.0142016666667]}},
{"type":"Feature","properties":{"seg_gpx_rel":518,"tiempo_gpx_rel":"00:08:38","desfase_s":-1,"seg_video":517,"tiempo_video":"00:08:37","punto_gpx":519,"latitud":-33.014248333333299,"longitud":-68.615133333333304,"elevacion":664.7,"hora_gpx":"2026-07-13T19:55:59Z","imagen":"frames/frame_000517.jpg"},"geometry":{"type":"Point","coordinates":[-68.615133333333304,-33.014248333333299]}},
{"type":"Feature","properties":{"seg_gpx_rel":519,"tiempo_gpx_rel":"00:08:39","desfase_s":-1,"seg_video":518,"tiempo_video":"00:08:38","punto_gpx":520,"latitud":-33.014293333333299,"longitud":-68.615008333333293,"elevacion":664.3,"hora_gpx":"2026-07-13T19:56:00Z","imagen":"frames/frame_000518.jpg"},"geometry":{"type":"Point","coordinates":[-68.615008333333293,-33.014293333333299]}},
{"type":"Feature","properties":{"seg_gpx_rel":520,"tiempo_gpx_rel":"00:08:40","desfase_s":-1,"seg_video":519,"tiempo_video":"00:08:39","punto_gpx":521,"latitud":-33.014338333333299,"longitud":-68.614883333333296,"elevacion":664.0,"hora_gpx":"2026-07-13T19:56:01Z","imagen":"frames/frame_000519.jpg"},"geometry":{"type":"Point","coordinates":[-68.614883333333296,-33.014338333333299]}},
{"type":"Feature","properties":{"seg_gpx_rel":521,"tiempo_gpx_rel":"00:08:41","desfase_s":-1,"seg_video":520,"tiempo_video":"00:08:40","punto_gpx":522,"latitud":-33.014383333333299,"longitud":-68.614758333333299,"elevacion":663.5,"hora_gpx":"2026-07-13T19:56:02Z","imagen":"frames/frame_000520.jpg"},"geometry":{"type":"Point","coordinates":[-68.614758333333299,-33.014383333333299]}},
{"type":"Feature","properties":{"seg_gpx_rel":522,"tiempo_gpx_rel":"00:08:42","desfase_s":-1,"seg_video":521,"tiempo_video":"00:08:41","punto_gpx":523,"latitud":-33.014426666666701,"longitud":-68.614631666666696,"elevacion":663.2,"hora_gpx":"2026-07-13T19:56:03Z","imagen":"frames/frame_000521.jpg"},"geometry":{"type":"Point","coordinates":[-68.614631666666696,-33.014426666666701]}},
{"type":"Feature","properties":{"seg_gpx_rel":523,"tiempo_gpx_rel":"00:08:43","desfase_s":-1,"seg_video":522,"tiempo_video":"00:08:42","punto_gpx":524,"latitud":-33.01447,"longitud":-68.614505,"elevacion":662.8,"hora_gpx":"2026-07-13T19:56:04Z","imagen":"frames/frame_000522.jpg"},"geometry":{"type":"Point","coordinates":[-68.614505,-33.01447]}},
{"type":"Feature","properties":{"seg_gpx_rel":524,"tiempo_gpx_rel":"00:08:44","desfase_s":-1,"seg_video":523,"tiempo_video":"00:08:43","punto_gpx":525,"latitud":-33.014515,"longitud":-68.614378333333306,"elevacion":662.4,"hora_gpx":"2026-07-13T19:56:05Z","imagen":"frames/frame_000523.jpg"},"geometry":{"type":"Point","coordinates":[-68.614378333333306,-33.014515]}},
{"type":"Feature","properties":{"seg_gpx_rel":525,"tiempo_gpx_rel":"00:08:45","desfase_s":-1,"seg_video":524,"tiempo_video":"00:08:44","punto_gpx":526,"latitud":-33.014561666666701,"longitud":-68.61425,"elevacion":661.9,"hora_gpx":"2026-07-13T19:56:06Z","imagen":"frames/frame_000524.jpg"},"geometry":{"type":"Point","coordinates":[-68.61425,-33.014561666666701]}},
{"type":"Feature","properties":{"seg_gpx_rel":526,"tiempo_gpx_rel":"00:08:46","desfase_s":-1,"seg_video":525,"tiempo_video":"00:08:45","punto_gpx":527,"latitud":-33.0146083333333,"longitud":-68.614118333333295,"elevacion":661.0,"hora_gpx":"2026-07-13T19:56:07Z","imagen":"frames/frame_000525.jpg"},"geometry":{"type":"Point","coordinates":[-68.614118333333295,-33.0146083333333]}},
{"type":"Feature","properties":{"seg_gpx_rel":527,"tiempo_gpx_rel":"00:08:47","desfase_s":-1,"seg_video":526,"tiempo_video":"00:08:46","punto_gpx":528,"latitud":-33.014655,"longitud":-68.613983333333294,"elevacion":660.6,"hora_gpx":"2026-07-13T19:56:08Z","imagen":"frames/frame_000526.jpg"},"geometry":{"type":"Point","coordinates":[-68.613983333333294,-33.014655]}},
{"type":"Feature","properties":{"seg_gpx_rel":528,"tiempo_gpx_rel":"00:08:48","desfase_s":-1,"seg_video":527,"tiempo_video":"00:08:47","punto_gpx":529,"latitud":-33.014703333333301,"longitud":-68.613845,"elevacion":660.5,"hora_gpx":"2026-07-13T19:56:09Z","imagen":"frames/frame_000527.jpg"},"geometry":{"type":"Point","coordinates":[-68.613845,-33.014703333333301]}},
{"type":"Feature","properties":{"seg_gpx_rel":529,"tiempo_gpx_rel":"00:08:49","desfase_s":-1,"seg_video":528,"tiempo_video":"00:08:48","punto_gpx":530,"latitud":-33.014751666666697,"longitud":-68.613703333333305,"elevacion":660.4,"hora_gpx":"2026-07-13T19:56:10Z","imagen":"frames/frame_000528.jpg"},"geometry":{"type":"Point","coordinates":[-68.613703333333305,-33.014751666666697]}},
{"type":"Feature","properties":{"seg_gpx_rel":530,"tiempo_gpx_rel":"00:08:50","desfase_s":-1,"seg_video":529,"tiempo_video":"00:08:49","punto_gpx":531,"latitud":-33.014806666666701,"longitud":-68.613561666666698,"elevacion":659.6,"hora_gpx":"2026-07-13T19:56:11Z","imagen":"frames/frame_000529.jpg"},"geometry":{"type":"Point","coordinates":[-68.613561666666698,-33.014806666666701]}},
{"type":"Feature","properties":{"seg_gpx_rel":531,"tiempo_gpx_rel":"00:08:51","desfase_s":-1,"seg_video":530,"tiempo_video":"00:08:50","punto_gpx":532,"latitud":-33.014863333333302,"longitud":-68.613416666666694,"elevacion":659.8,"hora_gpx":"2026-07-13T19:56:12Z","imagen":"frames/frame_000530.jpg"},"geometry":{"type":"Point","coordinates":[-68.613416666666694,-33.014863333333302]}},
{"type":"Feature","properties":{"seg_gpx_rel":532,"tiempo_gpx_rel":"00:08:52","desfase_s":-1,"seg_video":531,"tiempo_video":"00:08:51","punto_gpx":533,"latitud":-33.0149166666667,"longitud":-68.613275,"elevacion":659.8,"hora_gpx":"2026-07-13T19:56:13Z","imagen":"frames/frame_000531.jpg"},"geometry":{"type":"Point","coordinates":[-68.613275,-33.0149166666667]}},
{"type":"Feature","properties":{"seg_gpx_rel":533,"tiempo_gpx_rel":"00:08:53","desfase_s":-1,"seg_video":532,"tiempo_video":"00:08:52","punto_gpx":534,"latitud":-33.0149683333333,"longitud":-68.613133333333295,"elevacion":660.0,"hora_gpx":"2026-07-13T19:56:14Z","imagen":"frames/frame_000532.jpg"},"geometry":{"type":"Point","coordinates":[-68.613133333333295,-33.0149683333333]}},
{"type":"Feature","properties":{"seg_gpx_rel":534,"tiempo_gpx_rel":"00:08:54","desfase_s":-1,"seg_video":533,"tiempo_video":"00:08:53","punto_gpx":535,"latitud":-33.01502,"longitud":-68.612993333333307,"elevacion":659.8,"hora_gpx":"2026-07-13T19:56:15Z","imagen":"frames/frame_000533.jpg"},"geometry":{"type":"Point","coordinates":[-68.612993333333307,-33.01502]}},
{"type":"Feature","properties":{"seg_gpx_rel":535,"tiempo_gpx_rel":"00:08:55","desfase_s":-1,"seg_video":534,"tiempo_video":"00:08:54","punto_gpx":536,"latitud":-33.015071666666699,"longitud":-68.612853333333305,"elevacion":659.8,"hora_gpx":"2026-07-13T19:56:16Z","imagen":"frames/frame_000534.jpg"},"geometry":{"type":"Point","coordinates":[-68.612853333333305,-33.015071666666699]}},
{"type":"Feature","properties":{"seg_gpx_rel":536,"tiempo_gpx_rel":"00:08:56","desfase_s":-1,"seg_video":535,"tiempo_video":"00:08:55","punto_gpx":537,"latitud":-33.0151233333333,"longitud":-68.612711666666698,"elevacion":659.9,"hora_gpx":"2026-07-13T19:56:17Z","imagen":"frames/frame_000535.jpg"},"geometry":{"type":"Point","coordinates":[-68.612711666666698,-33.0151233333333]}},
{"type":"Feature","properties":{"seg_gpx_rel":537,"tiempo_gpx_rel":"00:08:57","desfase_s":-1,"seg_video":536,"tiempo_video":"00:08:56","punto_gpx":538,"latitud":-33.015175,"longitud":-68.612571666666696,"elevacion":660.1,"hora_gpx":"2026-07-13T19:56:18Z","imagen":"frames/frame_000536.jpg"},"geometry":{"type":"Point","coordinates":[-68.612571666666696,-33.015175]}},
{"type":"Feature","properties":{"seg_gpx_rel":538,"tiempo_gpx_rel":"00:08:58","desfase_s":-1,"seg_video":537,"tiempo_video":"00:08:57","punto_gpx":539,"latitud":-33.015228333333297,"longitud":-68.612428333333298,"elevacion":660.5,"hora_gpx":"2026-07-13T19:56:19Z","imagen":"frames/frame_000537.jpg"},"geometry":{"type":"Point","coordinates":[-68.612428333333298,-33.015228333333297]}},
{"type":"Feature","properties":{"seg_gpx_rel":539,"tiempo_gpx_rel":"00:08:59","desfase_s":-1,"seg_video":538,"tiempo_video":"00:08:58","punto_gpx":540,"latitud":-33.015281666666702,"longitud":-68.612286666666606,"elevacion":660.6,"hora_gpx":"2026-07-13T19:56:20Z","imagen":"frames/frame_000538.jpg"},"geometry":{"type":"Point","coordinates":[-68.612286666666606,-33.015281666666702]}},
{"type":"Feature","properties":{"seg_gpx_rel":540,"tiempo_gpx_rel":"00:09:00","desfase_s":-1,"seg_video":539,"tiempo_video":"00:08:59","punto_gpx":541,"latitud":-33.015333333333302,"longitud":-68.612145,"elevacion":660.9,"hora_gpx":"2026-07-13T19:56:21Z","imagen":"frames/frame_000539.jpg"},"geometry":{"type":"Point","coordinates":[-68.612145,-33.015333333333302]}},
{"type":"Feature","properties":{"seg_gpx_rel":541,"tiempo_gpx_rel":"00:09:01","desfase_s":-1,"seg_video":540,"tiempo_video":"00:09:00","punto_gpx":542,"latitud":-33.015385,"longitud":-68.612005,"elevacion":661.1,"hora_gpx":"2026-07-13T19:56:22Z","imagen":"frames/frame_000540.jpg"},"geometry":{"type":"Point","coordinates":[-68.612005,-33.015385]}},
{"type":"Feature","properties":{"seg_gpx_rel":542,"tiempo_gpx_rel":"00:09:02","desfase_s":-1,"seg_video":541,"tiempo_video":"00:09:01","punto_gpx":543,"latitud":-33.015436666666702,"longitud":-68.611863333333304,"elevacion":661.4,"hora_gpx":"2026-07-13T19:56:23Z","imagen":"frames/frame_000541.jpg"},"geometry":{"type":"Point","coordinates":[-68.611863333333304,-33.015436666666702]}},
{"type":"Feature","properties":{"seg_gpx_rel":543,"tiempo_gpx_rel":"00:09:03","desfase_s":-1,"seg_video":542,"tiempo_video":"00:09:02","punto_gpx":544,"latitud":-33.015488333333302,"longitud":-68.611723333333302,"elevacion":661.5,"hora_gpx":"2026-07-13T19:56:24Z","imagen":"frames/frame_000542.jpg"},"geometry":{"type":"Point","coordinates":[-68.611723333333302,-33.015488333333302]}},
{"type":"Feature","properties":{"seg_gpx_rel":544,"tiempo_gpx_rel":"00:09:04","desfase_s":-1,"seg_video":543,"tiempo_video":"00:09:03","punto_gpx":545,"latitud":-33.015538333333303,"longitud":-68.611585,"elevacion":661.4,"hora_gpx":"2026-07-13T19:56:25Z","imagen":"frames/frame_000543.jpg"},"geometry":{"type":"Point","coordinates":[-68.611585,-33.015538333333303]}},
{"type":"Feature","properties":{"seg_gpx_rel":545,"tiempo_gpx_rel":"00:09:05","desfase_s":-1,"seg_video":544,"tiempo_video":"00:09:04","punto_gpx":546,"latitud":-33.015588333333298,"longitud":-68.611446666666694,"elevacion":661.2,"hora_gpx":"2026-07-13T19:56:26Z","imagen":"frames/frame_000544.jpg"},"geometry":{"type":"Point","coordinates":[-68.611446666666694,-33.015588333333298]}},
{"type":"Feature","properties":{"seg_gpx_rel":546,"tiempo_gpx_rel":"00:09:06","desfase_s":-1,"seg_video":545,"tiempo_video":"00:09:05","punto_gpx":547,"latitud":-33.0156383333333,"longitud":-68.611306666666707,"elevacion":661.1,"hora_gpx":"2026-07-13T19:56:27Z","imagen":"frames/frame_000545.jpg"},"geometry":{"type":"Point","coordinates":[-68.611306666666707,-33.0156383333333]}},
{"type":"Feature","properties":{"seg_gpx_rel":547,"tiempo_gpx_rel":"00:09:07","desfase_s":-1,"seg_video":546,"tiempo_video":"00:09:06","punto_gpx":548,"latitud":-33.015688333333301,"longitud":-68.611166666666705,"elevacion":661.1,"hora_gpx":"2026-07-13T19:56:28Z","imagen":"frames/frame_000546.jpg"},"geometry":{"type":"Point","coordinates":[-68.611166666666705,-33.015688333333301]}},
{"type":"Feature","properties":{"seg_gpx_rel":548,"tiempo_gpx_rel":"00:09:08","desfase_s":-1,"seg_video":547,"tiempo_video":"00:09:07","punto_gpx":549,"latitud":-33.015736666666697,"longitud":-68.611028333333294,"elevacion":661.1,"hora_gpx":"2026-07-13T19:56:29Z","imagen":"frames/frame_000547.jpg"},"geometry":{"type":"Point","coordinates":[-68.611028333333294,-33.015736666666697]}},
{"type":"Feature","properties":{"seg_gpx_rel":549,"tiempo_gpx_rel":"00:09:09","desfase_s":-1,"seg_video":548,"tiempo_video":"00:09:08","punto_gpx":550,"latitud":-33.015786666666699,"longitud":-68.610888333333307,"elevacion":661.1,"hora_gpx":"2026-07-13T19:56:30Z","imagen":"frames/frame_000548.jpg"},"geometry":{"type":"Point","coordinates":[-68.610888333333307,-33.015786666666699]}},
{"type":"Feature","properties":{"seg_gpx_rel":550,"tiempo_gpx_rel":"00:09:10","desfase_s":-1,"seg_video":549,"tiempo_video":"00:09:09","punto_gpx":551,"latitud":-33.015835,"longitud":-68.610748333333305,"elevacion":660.9,"hora_gpx":"2026-07-13T19:56:31Z","imagen":"frames/frame_000549.jpg"},"geometry":{"type":"Point","coordinates":[-68.610748333333305,-33.015835]}},
{"type":"Feature","properties":{"seg_gpx_rel":551,"tiempo_gpx_rel":"00:09:11","desfase_s":-1,"seg_video":550,"tiempo_video":"00:09:10","punto_gpx":552,"latitud":-33.015883333333299,"longitud":-68.610608333333303,"elevacion":660.8,"hora_gpx":"2026-07-13T19:56:32Z","imagen":"frames/frame_000550.jpg"},"geometry":{"type":"Point","coordinates":[-68.610608333333303,-33.015883333333299]}},
{"type":"Feature","properties":{"seg_gpx_rel":552,"tiempo_gpx_rel":"00:09:12","desfase_s":-1,"seg_video":551,"tiempo_video":"00:09:11","punto_gpx":553,"latitud":-33.015935,"longitud":-68.610466666666696,"elevacion":660.9,"hora_gpx":"2026-07-13T19:56:33Z","imagen":"frames/frame_000551.jpg"},"geometry":{"type":"Point","coordinates":[-68.610466666666696,-33.015935]}},
{"type":"Feature","properties":{"seg_gpx_rel":553,"tiempo_gpx_rel":"00:09:13","desfase_s":-1,"seg_video":552,"tiempo_video":"00:09:12","punto_gpx":554,"latitud":-33.015986666666699,"longitud":-68.610326666666694,"elevacion":660.5,"hora_gpx":"2026-07-13T19:56:34Z","imagen":"frames/frame_000552.jpg"},"geometry":{"type":"Point","coordinates":[-68.610326666666694,-33.015986666666699]}},
{"type":"Feature","properties":{"seg_gpx_rel":554,"tiempo_gpx_rel":"00:09:14","desfase_s":-1,"seg_video":553,"tiempo_video":"00:09:13","punto_gpx":555,"latitud":-33.0160366666667,"longitud":-68.610186666666706,"elevacion":660.1,"hora_gpx":"2026-07-13T19:56:35Z","imagen":"frames/frame_000553.jpg"},"geometry":{"type":"Point","coordinates":[-68.610186666666706,-33.0160366666667]}},
{"type":"Feature","properties":{"seg_gpx_rel":555,"tiempo_gpx_rel":"00:09:15","desfase_s":-1,"seg_video":554,"tiempo_video":"00:09:14","punto_gpx":556,"latitud":-33.016086666666702,"longitud":-68.610048333333296,"elevacion":659.8,"hora_gpx":"2026-07-13T19:56:36Z","imagen":"frames/frame_000554.jpg"},"geometry":{"type":"Point","coordinates":[-68.610048333333296,-33.016086666666702]}},
{"type":"Feature","properties":{"seg_gpx_rel":556,"tiempo_gpx_rel":"00:09:16","desfase_s":-1,"seg_video":555,"tiempo_video":"00:09:15","punto_gpx":557,"latitud":-33.016138333333302,"longitud":-68.609906666666703,"elevacion":659.7,"hora_gpx":"2026-07-13T19:56:37Z","imagen":"frames/frame_000555.jpg"},"geometry":{"type":"Point","coordinates":[-68.609906666666703,-33.016138333333302]}},
{"type":"Feature","properties":{"seg_gpx_rel":557,"tiempo_gpx_rel":"00:09:17","desfase_s":-1,"seg_video":556,"tiempo_video":"00:09:16","punto_gpx":558,"latitud":-33.01619,"longitud":-68.609766666666701,"elevacion":659.7,"hora_gpx":"2026-07-13T19:56:38Z","imagen":"frames/frame_000556.jpg"},"geometry":{"type":"Point","coordinates":[-68.609766666666701,-33.01619]}},
{"type":"Feature","properties":{"seg_gpx_rel":558,"tiempo_gpx_rel":"00:09:18","desfase_s":-1,"seg_video":557,"tiempo_video":"00:09:17","punto_gpx":559,"latitud":-33.016241666666701,"longitud":-68.609625,"elevacion":659.6,"hora_gpx":"2026-07-13T19:56:39Z","imagen":"frames/frame_000557.jpg"},"geometry":{"type":"Point","coordinates":[-68.609625,-33.016241666666701]}},
{"type":"Feature","properties":{"seg_gpx_rel":559,"tiempo_gpx_rel":"00:09:19","desfase_s":-1,"seg_video":558,"tiempo_video":"00:09:18","punto_gpx":560,"latitud":-33.016291666666703,"longitud":-68.609483333333301,"elevacion":659.8,"hora_gpx":"2026-07-13T19:56:40Z","imagen":"frames/frame_000558.jpg"},"geometry":{"type":"Point","coordinates":[-68.609483333333301,-33.016291666666703]}},
{"type":"Feature","properties":{"seg_gpx_rel":560,"tiempo_gpx_rel":"00:09:20","desfase_s":-1,"seg_video":559,"tiempo_video":"00:09:19","punto_gpx":561,"latitud":-33.016343333333303,"longitud":-68.609341666666694,"elevacion":660.0,"hora_gpx":"2026-07-13T19:56:41Z","imagen":"frames/frame_000559.jpg"},"geometry":{"type":"Point","coordinates":[-68.609341666666694,-33.016343333333303]}},
{"type":"Feature","properties":{"seg_gpx_rel":561,"tiempo_gpx_rel":"00:09:21","desfase_s":-1,"seg_video":560,"tiempo_video":"00:09:20","punto_gpx":562,"latitud":-33.016395,"longitud":-68.609198333333296,"elevacion":660.0,"hora_gpx":"2026-07-13T19:56:42Z","imagen":"frames/frame_000560.jpg"},"geometry":{"type":"Point","coordinates":[-68.609198333333296,-33.016395]}},
{"type":"Feature","properties":{"seg_gpx_rel":562,"tiempo_gpx_rel":"00:09:22","desfase_s":-1,"seg_video":561,"tiempo_video":"00:09:21","punto_gpx":563,"latitud":-33.016446666666702,"longitud":-68.609055,"elevacion":660.0,"hora_gpx":"2026-07-13T19:56:43Z","imagen":"frames/frame_000561.jpg"},"geometry":{"type":"Point","coordinates":[-68.609055,-33.016446666666702]}},
{"type":"Feature","properties":{"seg_gpx_rel":563,"tiempo_gpx_rel":"00:09:23","desfase_s":-1,"seg_video":562,"tiempo_video":"00:09:22","punto_gpx":564,"latitud":-33.016498333333303,"longitud":-68.6089116666667,"elevacion":660.2,"hora_gpx":"2026-07-13T19:56:44Z","imagen":"frames/frame_000562.jpg"},"geometry":{"type":"Point","coordinates":[-68.6089116666667,-33.016498333333303]}},
{"type":"Feature","properties":{"seg_gpx_rel":564,"tiempo_gpx_rel":"00:09:24","desfase_s":-1,"seg_video":563,"tiempo_video":"00:09:23","punto_gpx":565,"latitud":-33.016553333333299,"longitud":-68.608766666666696,"elevacion":660.2,"hora_gpx":"2026-07-13T19:56:45Z","imagen":"frames/frame_000563.jpg"},"geometry":{"type":"Point","coordinates":[-68.608766666666696,-33.016553333333299]}},
{"type":"Feature","properties":{"seg_gpx_rel":565,"tiempo_gpx_rel":"00:09:25","desfase_s":-1,"seg_video":564,"tiempo_video":"00:09:24","punto_gpx":566,"latitud":-33.016605,"longitud":-68.608621666666707,"elevacion":660.2,"hora_gpx":"2026-07-13T19:56:46Z","imagen":"frames/frame_000564.jpg"},"geometry":{"type":"Point","coordinates":[-68.608621666666707,-33.016605]}},
{"type":"Feature","properties":{"seg_gpx_rel":566,"tiempo_gpx_rel":"00:09:26","desfase_s":-1,"seg_video":565,"tiempo_video":"00:09:25","punto_gpx":567,"latitud":-33.016658333333297,"longitud":-68.608476666666704,"elevacion":660.6,"hora_gpx":"2026-07-13T19:56:47Z","imagen":"frames/frame_000565.jpg"},"geometry":{"type":"Point","coordinates":[-68.608476666666704,-33.016658333333297]}},
{"type":"Feature","properties":{"seg_gpx_rel":567,"tiempo_gpx_rel":"00:09:27","desfase_s":-1,"seg_video":566,"tiempo_video":"00:09:26","punto_gpx":568,"latitud":-33.016711666666701,"longitud":-68.6083316666667,"elevacion":660.5,"hora_gpx":"2026-07-13T19:56:48Z","imagen":"frames/frame_000566.jpg"},"geometry":{"type":"Point","coordinates":[-68.6083316666667,-33.016711666666701]}},
{"type":"Feature","properties":{"seg_gpx_rel":568,"tiempo_gpx_rel":"00:09:28","desfase_s":-1,"seg_video":567,"tiempo_video":"00:09:27","punto_gpx":569,"latitud":-33.016766666666697,"longitud":-68.60819,"elevacion":660.6,"hora_gpx":"2026-07-13T19:56:49Z","imagen":"frames/frame_000567.jpg"},"geometry":{"type":"Point","coordinates":[-68.60819,-33.016766666666697]}},
{"type":"Feature","properties":{"seg_gpx_rel":569,"tiempo_gpx_rel":"00:09:29","desfase_s":-1,"seg_video":568,"tiempo_video":"00:09:28","punto_gpx":570,"latitud":-33.016815,"longitud":-68.608053333333302,"elevacion":660.8,"hora_gpx":"2026-07-13T19:56:50Z","imagen":"frames/frame_000568.jpg"},"geometry":{"type":"Point","coordinates":[-68.608053333333302,-33.016815]}},
{"type":"Feature","properties":{"seg_gpx_rel":570,"tiempo_gpx_rel":"00:09:30","desfase_s":-1,"seg_video":569,"tiempo_video":"00:09:29","punto_gpx":571,"latitud":-33.016865,"longitud":-68.60792,"elevacion":660.8,"hora_gpx":"2026-07-13T19:56:51Z","imagen":"frames/frame_000569.jpg"},"geometry":{"type":"Point","coordinates":[-68.60792,-33.016865]}},
{"type":"Feature","properties":{"seg_gpx_rel":571,"tiempo_gpx_rel":"00:09:31","desfase_s":-1,"seg_video":570,"tiempo_video":"00:09:30","punto_gpx":572,"latitud":-33.016913333333299,"longitud":-68.607788333333303,"elevacion":660.8,"hora_gpx":"2026-07-13T19:56:52Z","imagen":"frames/frame_000570.jpg"},"geometry":{"type":"Point","coordinates":[-68.607788333333303,-33.016913333333299]}},
{"type":"Feature","properties":{"seg_gpx_rel":572,"tiempo_gpx_rel":"00:09:32","desfase_s":-1,"seg_video":571,"tiempo_video":"00:09:31","punto_gpx":573,"latitud":-33.016961666666703,"longitud":-68.60766,"elevacion":660.5,"hora_gpx":"2026-07-13T19:56:53Z","imagen":"frames/frame_000571.jpg"},"geometry":{"type":"Point","coordinates":[-68.60766,-33.016961666666703]}},
{"type":"Feature","properties":{"seg_gpx_rel":573,"tiempo_gpx_rel":"00:09:33","desfase_s":-1,"seg_video":572,"tiempo_video":"00:09:32","punto_gpx":574,"latitud":-33.017013333333303,"longitud":-68.607533333333294,"elevacion":660.2,"hora_gpx":"2026-07-13T19:56:54Z","imagen":"frames/frame_000572.jpg"},"geometry":{"type":"Point","coordinates":[-68.607533333333294,-33.017013333333303]}},
{"type":"Feature","properties":{"seg_gpx_rel":574,"tiempo_gpx_rel":"00:09:34","desfase_s":-1,"seg_video":573,"tiempo_video":"00:09:33","punto_gpx":575,"latitud":-33.0170666666667,"longitud":-68.607408333333296,"elevacion":660.2,"hora_gpx":"2026-07-13T19:56:55Z","imagen":"frames/frame_000573.jpg"},"geometry":{"type":"Point","coordinates":[-68.607408333333296,-33.0170666666667]}},
{"type":"Feature","properties":{"seg_gpx_rel":575,"tiempo_gpx_rel":"00:09:35","desfase_s":-1,"seg_video":574,"tiempo_video":"00:09:34","punto_gpx":576,"latitud":-33.01712,"longitud":-68.607288333333301,"elevacion":660.1,"hora_gpx":"2026-07-13T19:56:56Z","imagen":"frames/frame_000574.jpg"},"geometry":{"type":"Point","coordinates":[-68.607288333333301,-33.01712]}},
{"type":"Feature","properties":{"seg_gpx_rel":576,"tiempo_gpx_rel":"00:09:36","desfase_s":-1,"seg_video":575,"tiempo_video":"00:09:35","punto_gpx":577,"latitud":-33.01717,"longitud":-68.607171666666702,"elevacion":659.9,"hora_gpx":"2026-07-13T19:56:57Z","imagen":"frames/frame_000575.jpg"},"geometry":{"type":"Point","coordinates":[-68.607171666666702,-33.01717]}},
{"type":"Feature","properties":{"seg_gpx_rel":577,"tiempo_gpx_rel":"00:09:37","desfase_s":-1,"seg_video":576,"tiempo_video":"00:09:36","punto_gpx":578,"latitud":-33.01722,"longitud":-68.607055,"elevacion":659.9,"hora_gpx":"2026-07-13T19:56:58Z","imagen":"frames/frame_000576.jpg"},"geometry":{"type":"Point","coordinates":[-68.607055,-33.01722]}},
{"type":"Feature","properties":{"seg_gpx_rel":578,"tiempo_gpx_rel":"00:09:38","desfase_s":-1,"seg_video":577,"tiempo_video":"00:09:37","punto_gpx":579,"latitud":-33.0172733333333,"longitud":-68.60694,"elevacion":660.1,"hora_gpx":"2026-07-13T19:56:59Z","imagen":"frames/frame_000577.jpg"},"geometry":{"type":"Point","coordinates":[-68.60694,-33.0172733333333]}},
{"type":"Feature","properties":{"seg_gpx_rel":579,"tiempo_gpx_rel":"00:09:39","desfase_s":-1,"seg_video":578,"tiempo_video":"00:09:38","punto_gpx":580,"latitud":-33.017325,"longitud":-68.606826666666706,"elevacion":660.5,"hora_gpx":"2026-07-13T19:57:00Z","imagen":"frames/frame_000578.jpg"},"geometry":{"type":"Point","coordinates":[-68.606826666666706,-33.017325]}},
{"type":"Feature","properties":{"seg_gpx_rel":580,"tiempo_gpx_rel":"00:09:40","desfase_s":-1,"seg_video":579,"tiempo_video":"00:09:39","punto_gpx":581,"latitud":-33.017375,"longitud":-68.606716666666699,"elevacion":660.6,"hora_gpx":"2026-07-13T19:57:01Z","imagen":"frames/frame_000579.jpg"},"geometry":{"type":"Point","coordinates":[-68.606716666666699,-33.017375]}},
{"type":"Feature","properties":{"seg_gpx_rel":581,"tiempo_gpx_rel":"00:09:41","desfase_s":-1,"seg_video":580,"tiempo_video":"00:09:40","punto_gpx":582,"latitud":-33.017423333333298,"longitud":-68.60661,"elevacion":660.8,"hora_gpx":"2026-07-13T19:57:02Z","imagen":"frames/frame_000580.jpg"},"geometry":{"type":"Point","coordinates":[-68.60661,-33.017423333333298]}},
{"type":"Feature","properties":{"seg_gpx_rel":582,"tiempo_gpx_rel":"00:09:42","desfase_s":-1,"seg_video":581,"tiempo_video":"00:09:41","punto_gpx":583,"latitud":-33.017471666666701,"longitud":-68.606503333333293,"elevacion":661.0,"hora_gpx":"2026-07-13T19:57:03Z","imagen":"frames/frame_000581.jpg"},"geometry":{"type":"Point","coordinates":[-68.606503333333293,-33.017471666666701]}},
{"type":"Feature","properties":{"seg_gpx_rel":583,"tiempo_gpx_rel":"00:09:43","desfase_s":-1,"seg_video":582,"tiempo_video":"00:09:42","punto_gpx":584,"latitud":-33.01752,"longitud":-68.6064,"elevacion":660.7,"hora_gpx":"2026-07-13T19:57:04Z","imagen":"frames/frame_000582.jpg"},"geometry":{"type":"Point","coordinates":[-68.6064,-33.01752]}},
{"type":"Feature","properties":{"seg_gpx_rel":584,"tiempo_gpx_rel":"00:09:44","desfase_s":-1,"seg_video":583,"tiempo_video":"00:09:43","punto_gpx":585,"latitud":-33.01757,"longitud":-68.6063,"elevacion":660.7,"hora_gpx":"2026-07-13T19:57:05Z","imagen":"frames/frame_000583.jpg"},"geometry":{"type":"Point","coordinates":[-68.6063,-33.01757]}},
{"type":"Feature","properties":{"seg_gpx_rel":585,"tiempo_gpx_rel":"00:09:45","desfase_s":-1,"seg_video":584,"tiempo_video":"00:09:44","punto_gpx":586,"latitud":-33.017623333333297,"longitud":-68.606201666666706,"elevacion":661.0,"hora_gpx":"2026-07-13T19:57:06Z","imagen":"frames/frame_000584.jpg"},"geometry":{"type":"Point","coordinates":[-68.606201666666706,-33.017623333333297]}},
{"type":"Feature","properties":{"seg_gpx_rel":586,"tiempo_gpx_rel":"00:09:46","desfase_s":-1,"seg_video":585,"tiempo_video":"00:09:45","punto_gpx":587,"latitud":-33.017678333333301,"longitud":-68.606118333333399,"elevacion":660.9,"hora_gpx":"2026-07-13T19:57:07Z","imagen":"frames/frame_000585.jpg"},"geometry":{"type":"Point","coordinates":[-68.606118333333399,-33.017678333333301]}},
{"type":"Feature","properties":{"seg_gpx_rel":587,"tiempo_gpx_rel":"00:09:47","desfase_s":-1,"seg_video":586,"tiempo_video":"00:09:46","punto_gpx":588,"latitud":-33.01774,"longitud":-68.6060466666667,"elevacion":660.7,"hora_gpx":"2026-07-13T19:57:08Z","imagen":"frames/frame_000586.jpg"},"geometry":{"type":"Point","coordinates":[-68.6060466666667,-33.01774]}},
{"type":"Feature","properties":{"seg_gpx_rel":588,"tiempo_gpx_rel":"00:09:48","desfase_s":-1,"seg_video":587,"tiempo_video":"00:09:47","punto_gpx":589,"latitud":-33.01781,"longitud":-68.605995,"elevacion":660.2,"hora_gpx":"2026-07-13T19:57:09Z","imagen":"frames/frame_000587.jpg"},"geometry":{"type":"Point","coordinates":[-68.605995,-33.01781]}},
{"type":"Feature","properties":{"seg_gpx_rel":589,"tiempo_gpx_rel":"00:09:49","desfase_s":-1,"seg_video":588,"tiempo_video":"00:09:48","punto_gpx":590,"latitud":-33.01788,"longitud":-68.605966666666703,"elevacion":660.0,"hora_gpx":"2026-07-13T19:57:10Z","imagen":"frames/frame_000588.jpg"},"geometry":{"type":"Point","coordinates":[-68.605966666666703,-33.01788]}},
{"type":"Feature","properties":{"seg_gpx_rel":590,"tiempo_gpx_rel":"00:09:50","desfase_s":-1,"seg_video":589,"tiempo_video":"00:09:49","punto_gpx":591,"latitud":-33.017948333333301,"longitud":-68.605958333333305,"elevacion":659.6,"hora_gpx":"2026-07-13T19:57:11Z","imagen":"frames/frame_000589.jpg"},"geometry":{"type":"Point","coordinates":[-68.605958333333305,-33.017948333333301]}},
{"type":"Feature","properties":{"seg_gpx_rel":591,"tiempo_gpx_rel":"00:09:51","desfase_s":-1,"seg_video":590,"tiempo_video":"00:09:50","punto_gpx":592,"latitud":-33.018016666666703,"longitud":-68.605948333333302,"elevacion":660.1,"hora_gpx":"2026-07-13T19:57:12Z","imagen":"frames/frame_000590.jpg"},"geometry":{"type":"Point","coordinates":[-68.605948333333302,-33.018016666666703]}},
{"type":"Feature","properties":{"seg_gpx_rel":592,"tiempo_gpx_rel":"00:09:52","desfase_s":-1,"seg_video":591,"tiempo_video":"00:09:51","punto_gpx":593,"latitud":-33.01808,"longitud":-68.605923333333394,"elevacion":660.3,"hora_gpx":"2026-07-13T19:57:13Z","imagen":"frames/frame_000591.jpg"},"geometry":{"type":"Point","coordinates":[-68.605923333333394,-33.01808]}},
{"type":"Feature","properties":{"seg_gpx_rel":593,"tiempo_gpx_rel":"00:09:53","desfase_s":-1,"seg_video":592,"tiempo_video":"00:09:52","punto_gpx":594,"latitud":-33.018136666666699,"longitud":-68.605888333333297,"elevacion":659.8,"hora_gpx":"2026-07-13T19:57:14Z","imagen":"frames/frame_000592.jpg"},"geometry":{"type":"Point","coordinates":[-68.605888333333297,-33.018136666666699]}},
{"type":"Feature","properties":{"seg_gpx_rel":594,"tiempo_gpx_rel":"00:09:54","desfase_s":-1,"seg_video":593,"tiempo_video":"00:09:53","punto_gpx":595,"latitud":-33.01819,"longitud":-68.605838333333296,"elevacion":659.1,"hora_gpx":"2026-07-13T19:57:15Z","imagen":"frames/frame_000593.jpg"},"geometry":{"type":"Point","coordinates":[-68.605838333333296,-33.01819]}},
{"type":"Feature","properties":{"seg_gpx_rel":595,"tiempo_gpx_rel":"00:09:55","desfase_s":-1,"seg_video":594,"tiempo_video":"00:09:54","punto_gpx":596,"latitud":-33.018236666666702,"longitud":-68.605775,"elevacion":658.7,"hora_gpx":"2026-07-13T19:57:16Z","imagen":"frames/frame_000594.jpg"},"geometry":{"type":"Point","coordinates":[-68.605775,-33.018236666666702]}},
{"type":"Feature","properties":{"seg_gpx_rel":596,"tiempo_gpx_rel":"00:09:56","desfase_s":-1,"seg_video":595,"tiempo_video":"00:09:55","punto_gpx":597,"latitud":-33.018283333333301,"longitud":-68.605705,"elevacion":658.6,"hora_gpx":"2026-07-13T19:57:17Z","imagen":"frames/frame_000595.jpg"},"geometry":{"type":"Point","coordinates":[-68.605705,-33.018283333333301]}},
{"type":"Feature","properties":{"seg_gpx_rel":597,"tiempo_gpx_rel":"00:09:57","desfase_s":-1,"seg_video":596,"tiempo_video":"00:09:56","punto_gpx":598,"latitud":-33.018335,"longitud":-68.605636666666697,"elevacion":658.3,"hora_gpx":"2026-07-13T19:57:18Z","imagen":"frames/frame_000596.jpg"},"geometry":{"type":"Point","coordinates":[-68.605636666666697,-33.018335]}},
{"type":"Feature","properties":{"seg_gpx_rel":598,"tiempo_gpx_rel":"00:09:58","desfase_s":-1,"seg_video":597,"tiempo_video":"00:09:57","punto_gpx":599,"latitud":-33.01839,"longitud":-68.605573333333297,"elevacion":658.1,"hora_gpx":"2026-07-13T19:57:19Z","imagen":"frames/frame_000597.jpg"},"geometry":{"type":"Point","coordinates":[-68.605573333333297,-33.01839]}},
{"type":"Feature","properties":{"seg_gpx_rel":599,"tiempo_gpx_rel":"00:09:59","desfase_s":-1,"seg_video":598,"tiempo_video":"00:09:58","punto_gpx":600,"latitud":-33.018453333333298,"longitud":-68.6055116666667,"elevacion":658.2,"hora_gpx":"2026-07-13T19:57:20Z","imagen":"frames/frame_000598.jpg"},"geometry":{"type":"Point","coordinates":[-68.6055116666667,-33.018453333333298]}},
{"type":"Feature","properties":{"seg_gpx_rel":600,"tiempo_gpx_rel":"00:10:00","desfase_s":-1,"seg_video":599,"tiempo_video":"00:09:59","punto_gpx":601,"latitud":-33.0185216666667,"longitud":-68.605458333333303,"elevacion":658.6,"hora_gpx":"2026-07-13T19:57:21Z","imagen":"frames/frame_000599.jpg"},"geometry":{"type":"Point","coordinates":[-68.605458333333303,-33.0185216666667]}},
{"type":"Feature","properties":{"seg_gpx_rel":601,"tiempo_gpx_rel":"00:10:01","desfase_s":-1,"seg_video":600,"tiempo_video":"00:10:00","punto_gpx":602,"latitud":-33.0185933333333,"longitud":-68.605415,"elevacion":658.6,"hora_gpx":"2026-07-13T19:57:22Z","imagen":"frames/frame_000600.jpg"},"geometry":{"type":"Point","coordinates":[-68.605415,-33.0185933333333]}},
{"type":"Feature","properties":{"seg_gpx_rel":602,"tiempo_gpx_rel":"00:10:02","desfase_s":-1,"seg_video":601,"tiempo_video":"00:10:01","punto_gpx":603,"latitud":-33.018666666666697,"longitud":-68.605386666666703,"elevacion":658.4,"hora_gpx":"2026-07-13T19:57:23Z","imagen":"frames/frame_000601.jpg"},"geometry":{"type":"Point","coordinates":[-68.605386666666703,-33.018666666666697]}},
{"type":"Feature","properties":{"seg_gpx_rel":603,"tiempo_gpx_rel":"00:10:03","desfase_s":-1,"seg_video":602,"tiempo_video":"00:10:02","punto_gpx":604,"latitud":-33.018746666666701,"longitud":-68.605365,"elevacion":658.9,"hora_gpx":"2026-07-13T19:57:24Z","imagen":"frames/frame_000602.jpg"},"geometry":{"type":"Point","coordinates":[-68.605365,-33.018746666666701]}},
{"type":"Feature","properties":{"seg_gpx_rel":604,"tiempo_gpx_rel":"00:10:04","desfase_s":-1,"seg_video":603,"tiempo_video":"00:10:03","punto_gpx":605,"latitud":-33.018823333333302,"longitud":-68.605353333333298,"elevacion":659.4,"hora_gpx":"2026-07-13T19:57:25Z","imagen":"frames/frame_000603.jpg"},"geometry":{"type":"Point","coordinates":[-68.605353333333298,-33.018823333333302]}},
{"type":"Feature","properties":{"seg_gpx_rel":605,"tiempo_gpx_rel":"00:10:05","desfase_s":-1,"seg_video":604,"tiempo_video":"00:10:04","punto_gpx":606,"latitud":-33.018896666666699,"longitud":-68.605348333333296,"elevacion":659.2,"hora_gpx":"2026-07-13T19:57:26Z","imagen":"frames/frame_000604.jpg"},"geometry":{"type":"Point","coordinates":[-68.605348333333296,-33.018896666666699]}},
{"type":"Feature","properties":{"seg_gpx_rel":606,"tiempo_gpx_rel":"00:10:06","desfase_s":-1,"seg_video":605,"tiempo_video":"00:10:05","punto_gpx":607,"latitud":-33.018968333333298,"longitud":-68.605346666666705,"elevacion":658.8,"hora_gpx":"2026-07-13T19:57:27Z","imagen":"frames/frame_000605.jpg"},"geometry":{"type":"Point","coordinates":[-68.605346666666705,-33.018968333333298]}},
{"type":"Feature","properties":{"seg_gpx_rel":607,"tiempo_gpx_rel":"00:10:07","desfase_s":-1,"seg_video":606,"tiempo_video":"00:10:06","punto_gpx":608,"latitud":-33.01904,"longitud":-68.605345,"elevacion":659.4,"hora_gpx":"2026-07-13T19:57:28Z","imagen":"frames/frame_000606.jpg"},"geometry":{"type":"Point","coordinates":[-68.605345,-33.01904]}},
{"type":"Feature","properties":{"seg_gpx_rel":608,"tiempo_gpx_rel":"00:10:08","desfase_s":-1,"seg_video":607,"tiempo_video":"00:10:07","punto_gpx":609,"latitud":-33.019105,"longitud":-68.605345,"elevacion":659.3,"hora_gpx":"2026-07-13T19:57:29Z","imagen":"frames/frame_000607.jpg"},"geometry":{"type":"Point","coordinates":[-68.605345,-33.019105]}},
{"type":"Feature","properties":{"seg_gpx_rel":609,"tiempo_gpx_rel":"00:10:09","desfase_s":-1,"seg_video":608,"tiempo_video":"00:10:08","punto_gpx":610,"latitud":-33.019165,"longitud":-68.60534,"elevacion":659.0,"hora_gpx":"2026-07-13T19:57:30Z","imagen":"frames/frame_000608.jpg"},"geometry":{"type":"Point","coordinates":[-68.60534,-33.019165]}},
{"type":"Feature","properties":{"seg_gpx_rel":610,"tiempo_gpx_rel":"00:10:10","desfase_s":-1,"seg_video":609,"tiempo_video":"00:10:09","punto_gpx":611,"latitud":-33.019218333333299,"longitud":-68.60532,"elevacion":659.4,"hora_gpx":"2026-07-13T19:57:31Z","imagen":"frames/frame_000609.jpg"},"geometry":{"type":"Point","coordinates":[-68.60532,-33.019218333333299]}},
{"type":"Feature","properties":{"seg_gpx_rel":611,"tiempo_gpx_rel":"00:10:11","desfase_s":-1,"seg_video":610,"tiempo_video":"00:10:10","punto_gpx":612,"latitud":-33.019261666666701,"longitud":-68.605288333333306,"elevacion":659.4,"hora_gpx":"2026-07-13T19:57:32Z","imagen":"frames/frame_000610.jpg"},"geometry":{"type":"Point","coordinates":[-68.605288333333306,-33.019261666666701]}},
{"type":"Feature","properties":{"seg_gpx_rel":612,"tiempo_gpx_rel":"00:10:12","desfase_s":-1,"seg_video":611,"tiempo_video":"00:10:11","punto_gpx":613,"latitud":-33.019298333333303,"longitud":-68.605246666666702,"elevacion":659.6,"hora_gpx":"2026-07-13T19:57:33Z","imagen":"frames/frame_000611.jpg"},"geometry":{"type":"Point","coordinates":[-68.605246666666702,-33.019298333333303]}},
{"type":"Feature","properties":{"seg_gpx_rel":613,"tiempo_gpx_rel":"00:10:13","desfase_s":-1,"seg_video":612,"tiempo_video":"00:10:12","punto_gpx":614,"latitud":-33.019325,"longitud":-68.605205,"elevacion":659.5,"hora_gpx":"2026-07-13T19:57:34Z","imagen":"frames/frame_000612.jpg"},"geometry":{"type":"Point","coordinates":[-68.605205,-33.019325]}},
{"type":"Feature","properties":{"seg_gpx_rel":614,"tiempo_gpx_rel":"00:10:14","desfase_s":-1,"seg_video":613,"tiempo_video":"00:10:13","punto_gpx":615,"latitud":-33.019341666666698,"longitud":-68.605166666666705,"elevacion":659.7,"hora_gpx":"2026-07-13T19:57:35Z","imagen":"frames/frame_000613.jpg"},"geometry":{"type":"Point","coordinates":[-68.605166666666705,-33.019341666666698]}},
{"type":"Feature","properties":{"seg_gpx_rel":615,"tiempo_gpx_rel":"00:10:15","desfase_s":-1,"seg_video":614,"tiempo_video":"00:10:14","punto_gpx":616,"latitud":-33.019358333333301,"longitud":-68.605133333333299,"elevacion":659.9,"hora_gpx":"2026-07-13T19:57:36Z","imagen":"frames/frame_000614.jpg"},"geometry":{"type":"Point","coordinates":[-68.605133333333299,-33.019358333333301]}},
{"type":"Feature","properties":{"seg_gpx_rel":616,"tiempo_gpx_rel":"00:10:16","desfase_s":-1,"seg_video":615,"tiempo_video":"00:10:15","punto_gpx":617,"latitud":-33.019366666666699,"longitud":-68.605108333333305,"elevacion":660.0,"hora_gpx":"2026-07-13T19:57:37Z","imagen":"frames/frame_000615.jpg"},"geometry":{"type":"Point","coordinates":[-68.605108333333305,-33.019366666666699]}},
{"type":"Feature","properties":{"seg_gpx_rel":617,"tiempo_gpx_rel":"00:10:17","desfase_s":-1,"seg_video":616,"tiempo_video":"00:10:16","punto_gpx":618,"latitud":-33.019368333333297,"longitud":-68.605086666666693,"elevacion":660.2,"hora_gpx":"2026-07-13T19:57:38Z","imagen":"frames/frame_000616.jpg"},"geometry":{"type":"Point","coordinates":[-68.605086666666693,-33.019368333333297]}},
{"type":"Feature","properties":{"seg_gpx_rel":618,"tiempo_gpx_rel":"00:10:18","desfase_s":-1,"seg_video":617,"tiempo_video":"00:10:17","punto_gpx":619,"latitud":-33.0193716666667,"longitud":-68.605068333333307,"elevacion":660.4,"hora_gpx":"2026-07-13T19:57:39Z","imagen":"frames/frame_000617.jpg"},"geometry":{"type":"Point","coordinates":[-68.605068333333307,-33.0193716666667]}},
{"type":"Feature","properties":{"seg_gpx_rel":619,"tiempo_gpx_rel":"00:10:19","desfase_s":-1,"seg_video":618,"tiempo_video":"00:10:18","punto_gpx":620,"latitud":-33.019373333333299,"longitud":-68.605048333333301,"elevacion":660.6,"hora_gpx":"2026-07-13T19:57:40Z","imagen":"frames/frame_000618.jpg"},"geometry":{"type":"Point","coordinates":[-68.605048333333301,-33.019373333333299]}},
{"type":"Feature","properties":{"seg_gpx_rel":620,"tiempo_gpx_rel":"00:10:20","desfase_s":-1,"seg_video":619,"tiempo_video":"00:10:19","punto_gpx":621,"latitud":-33.0193716666667,"longitud":-68.605023333333307,"elevacion":660.6,"hora_gpx":"2026-07-13T19:57:41Z","imagen":"frames/frame_000619.jpg"},"geometry":{"type":"Point","coordinates":[-68.605023333333307,-33.0193716666667]}},
{"type":"Feature","properties":{"seg_gpx_rel":621,"tiempo_gpx_rel":"00:10:21","desfase_s":-1,"seg_video":620,"tiempo_video":"00:10:20","punto_gpx":622,"latitud":-33.019365,"longitud":-68.60499,"elevacion":660.6,"hora_gpx":"2026-07-13T19:57:42Z","imagen":"frames/frame_000620.jpg"},"geometry":{"type":"Point","coordinates":[-68.60499,-33.019365]}},
{"type":"Feature","properties":{"seg_gpx_rel":622,"tiempo_gpx_rel":"00:10:22","desfase_s":-1,"seg_video":621,"tiempo_video":"00:10:21","punto_gpx":623,"latitud":-33.01935,"longitud":-68.604948333333297,"elevacion":660.8,"hora_gpx":"2026-07-13T19:57:43Z","imagen":"frames/frame_000621.jpg"},"geometry":{"type":"Point","coordinates":[-68.604948333333297,-33.01935]}},
{"type":"Feature","properties":{"seg_gpx_rel":623,"tiempo_gpx_rel":"00:10:23","desfase_s":-1,"seg_video":622,"tiempo_video":"00:10:22","punto_gpx":624,"latitud":-33.019323333333297,"longitud":-68.604901666666706,"elevacion":660.7,"hora_gpx":"2026-07-13T19:57:44Z","imagen":"frames/frame_000622.jpg"},"geometry":{"type":"Point","coordinates":[-68.604901666666706,-33.019323333333297]}},
{"type":"Feature","properties":{"seg_gpx_rel":624,"tiempo_gpx_rel":"00:10:24","desfase_s":-1,"seg_video":623,"tiempo_video":"00:10:23","punto_gpx":625,"latitud":-33.019286666666702,"longitud":-68.604856666666706,"elevacion":660.9,"hora_gpx":"2026-07-13T19:57:45Z","imagen":"frames/frame_000623.jpg"},"geometry":{"type":"Point","coordinates":[-68.604856666666706,-33.019286666666702]}},
{"type":"Feature","properties":{"seg_gpx_rel":625,"tiempo_gpx_rel":"00:10:25","desfase_s":-1,"seg_video":624,"tiempo_video":"00:10:24","punto_gpx":626,"latitud":-33.01924,"longitud":-68.60481,"elevacion":661.6,"hora_gpx":"2026-07-13T19:57:46Z","imagen":"frames/frame_000624.jpg"},"geometry":{"type":"Point","coordinates":[-68.60481,-33.01924]}},
{"type":"Feature","properties":{"seg_gpx_rel":626,"tiempo_gpx_rel":"00:10:26","desfase_s":-1,"seg_video":625,"tiempo_video":"00:10:25","punto_gpx":627,"latitud":-33.019188333333297,"longitud":-68.604761666666704,"elevacion":661.7,"hora_gpx":"2026-07-13T19:57:47Z","imagen":"frames/frame_000625.jpg"},"geometry":{"type":"Point","coordinates":[-68.604761666666704,-33.019188333333297]}},
{"type":"Feature","properties":{"seg_gpx_rel":627,"tiempo_gpx_rel":"00:10:27","desfase_s":-1,"seg_video":626,"tiempo_video":"00:10:26","punto_gpx":628,"latitud":-33.019131666666702,"longitud":-68.60471,"elevacion":662.0,"hora_gpx":"2026-07-13T19:57:48Z","imagen":"frames/frame_000626.jpg"},"geometry":{"type":"Point","coordinates":[-68.60471,-33.019131666666702]}},
{"type":"Feature","properties":{"seg_gpx_rel":628,"tiempo_gpx_rel":"00:10:28","desfase_s":-1,"seg_video":627,"tiempo_video":"00:10:27","punto_gpx":629,"latitud":-33.019071666666697,"longitud":-68.604656666666699,"elevacion":662.4,"hora_gpx":"2026-07-13T19:57:49Z","imagen":"frames/frame_000627.jpg"},"geometry":{"type":"Point","coordinates":[-68.604656666666699,-33.019071666666697]}},
{"type":"Feature","properties":{"seg_gpx_rel":629,"tiempo_gpx_rel":"00:10:29","desfase_s":-1,"seg_video":628,"tiempo_video":"00:10:28","punto_gpx":630,"latitud":-33.019008333333304,"longitud":-68.6046,"elevacion":662.7,"hora_gpx":"2026-07-13T19:57:50Z","imagen":"frames/frame_000628.jpg"},"geometry":{"type":"Point","coordinates":[-68.6046,-33.019008333333304]}},
{"type":"Feature","properties":{"seg_gpx_rel":630,"tiempo_gpx_rel":"00:10:30","desfase_s":-1,"seg_video":629,"tiempo_video":"00:10:29","punto_gpx":631,"latitud":-33.018943333333297,"longitud":-68.604543333333396,"elevacion":663.0,"hora_gpx":"2026-07-13T19:57:51Z","imagen":"frames/frame_000629.jpg"},"geometry":{"type":"Point","coordinates":[-68.604543333333396,-33.018943333333297]}},
{"type":"Feature","properties":{"seg_gpx_rel":631,"tiempo_gpx_rel":"00:10:31","desfase_s":-1,"seg_video":630,"tiempo_video":"00:10:30","punto_gpx":632,"latitud":-33.018873333333303,"longitud":-68.604483333333306,"elevacion":663.4,"hora_gpx":"2026-07-13T19:57:52Z","imagen":"frames/frame_000630.jpg"},"geometry":{"type":"Point","coordinates":[-68.604483333333306,-33.018873333333303]}},
{"type":"Feature","properties":{"seg_gpx_rel":632,"tiempo_gpx_rel":"00:10:32","desfase_s":-1,"seg_video":631,"tiempo_video":"00:10:31","punto_gpx":633,"latitud":-33.018803333333302,"longitud":-68.604423333333301,"elevacion":663.6,"hora_gpx":"2026-07-13T19:57:53Z","imagen":"frames/frame_000631.jpg"},"geometry":{"type":"Point","coordinates":[-68.604423333333301,-33.018803333333302]}},
{"type":"Feature","properties":{"seg_gpx_rel":633,"tiempo_gpx_rel":"00:10:33","desfase_s":-1,"seg_video":632,"tiempo_video":"00:10:32","punto_gpx":634,"latitud":-33.018733333333302,"longitud":-68.604365,"elevacion":663.9,"hora_gpx":"2026-07-13T19:57:54Z","imagen":"frames/frame_000632.jpg"},"geometry":{"type":"Point","coordinates":[-68.604365,-33.018733333333302]}},
{"type":"Feature","properties":{"seg_gpx_rel":634,"tiempo_gpx_rel":"00:10:34","desfase_s":-1,"seg_video":633,"tiempo_video":"00:10:33","punto_gpx":635,"latitud":-33.018663333333301,"longitud":-68.604308333333293,"elevacion":664.2,"hora_gpx":"2026-07-13T19:57:55Z","imagen":"frames/frame_000633.jpg"},"geometry":{"type":"Point","coordinates":[-68.604308333333293,-33.018663333333301]}},
{"type":"Feature","properties":{"seg_gpx_rel":635,"tiempo_gpx_rel":"00:10:35","desfase_s":-1,"seg_video":634,"tiempo_video":"00:10:34","punto_gpx":636,"latitud":-33.018595,"longitud":-68.60425,"elevacion":664.5,"hora_gpx":"2026-07-13T19:57:56Z","imagen":"frames/frame_000634.jpg"},"geometry":{"type":"Point","coordinates":[-68.60425,-33.018595]}},
{"type":"Feature","properties":{"seg_gpx_rel":636,"tiempo_gpx_rel":"00:10:36","desfase_s":-1,"seg_video":635,"tiempo_video":"00:10:35","punto_gpx":637,"latitud":-33.018526666666702,"longitud":-68.604191666666694,"elevacion":664.7,"hora_gpx":"2026-07-13T19:57:57Z","imagen":"frames/frame_000635.jpg"},"geometry":{"type":"Point","coordinates":[-68.604191666666694,-33.018526666666702]}},
{"type":"Feature","properties":{"seg_gpx_rel":637,"tiempo_gpx_rel":"00:10:37","desfase_s":-1,"seg_video":636,"tiempo_video":"00:10:36","punto_gpx":638,"latitud":-33.01846,"longitud":-68.604136666666705,"elevacion":665.0,"hora_gpx":"2026-07-13T19:57:58Z","imagen":"frames/frame_000636.jpg"},"geometry":{"type":"Point","coordinates":[-68.604136666666705,-33.01846]}},
{"type":"Feature","properties":{"seg_gpx_rel":638,"tiempo_gpx_rel":"00:10:38","desfase_s":-1,"seg_video":637,"tiempo_video":"00:10:37","punto_gpx":639,"latitud":-33.018396666666703,"longitud":-68.604083333333307,"elevacion":665.1,"hora_gpx":"2026-07-13T19:57:59Z","imagen":"frames/frame_000637.jpg"},"geometry":{"type":"Point","coordinates":[-68.604083333333307,-33.018396666666703]}},
{"type":"Feature","properties":{"seg_gpx_rel":639,"tiempo_gpx_rel":"00:10:39","desfase_s":-1,"seg_video":638,"tiempo_video":"00:10:38","punto_gpx":640,"latitud":-33.018335,"longitud":-68.604028333333304,"elevacion":665.4,"hora_gpx":"2026-07-13T19:58:00Z","imagen":"frames/frame_000638.jpg"},"geometry":{"type":"Point","coordinates":[-68.604028333333304,-33.018335]}},
{"type":"Feature","properties":{"seg_gpx_rel":640,"tiempo_gpx_rel":"00:10:40","desfase_s":-1,"seg_video":639,"tiempo_video":"00:10:39","punto_gpx":641,"latitud":-33.01827,"longitud":-68.603971666666695,"elevacion":665.6,"hora_gpx":"2026-07-13T19:58:01Z","imagen":"frames/frame_000639.jpg"},"geometry":{"type":"Point","coordinates":[-68.603971666666695,-33.01827]}},
{"type":"Feature","properties":{"seg_gpx_rel":641,"tiempo_gpx_rel":"00:10:41","desfase_s":-1,"seg_video":640,"tiempo_video":"00:10:40","punto_gpx":642,"latitud":-33.018205,"longitud":-68.603913333333296,"elevacion":665.7,"hora_gpx":"2026-07-13T19:58:02Z","imagen":"frames/frame_000640.jpg"},"geometry":{"type":"Point","coordinates":[-68.603913333333296,-33.018205]}},
{"type":"Feature","properties":{"seg_gpx_rel":642,"tiempo_gpx_rel":"00:10:42","desfase_s":-1,"seg_video":641,"tiempo_video":"00:10:41","punto_gpx":643,"latitud":-33.018136666666699,"longitud":-68.603855,"elevacion":665.7,"hora_gpx":"2026-07-13T19:58:03Z","imagen":"frames/frame_000641.jpg"},"geometry":{"type":"Point","coordinates":[-68.603855,-33.018136666666699]}}
]
}
